<?xml version="1.0" encoding="UTF-8"?>
<overrides>
    <doNotShareMenu />
    <alwaysRestore>True</alwaysRestore>
    <!-- Icons Directory -->
    <thumbnailBrowseDefault>special://skin/extras/icons/</thumbnailBrowseDefault>
    <!-- Background -->
	<background label="smartshortcuts">||BROWSE||plugin://script.skin.helper.service/?action=backgrounds</background>
	<background label="smartshortcuts">||BROWSE||special://skin/extras/backgrounds</background>
	<backgroundBrowse default="protocol://">True</backgroundBrowse>    
    <!-- Icons overrides -->
    <icon image="DefaultShortcut.png">DefaultFolder.png</icon>
    <icon image="DefaultAudio.png">DefaultFolder.png</icon>
    <icon image="DefaultPlaylist.png">DefaultVideoPlaylists.png</icon>
    <icon image="DefaultAudio.png" grouping="pvr-radio">DefaultTVShows.png</icon>
    <!-- Default Backgrounds -->
    <backgrounddefault labelID="weather">special://skin/extras/backgrounds/weather.jpg</backgrounddefault>
    <backgrounddefault labelID="pictures">special://skin/extras/backgrounds/pictures.jpg</backgrounddefault>        
    <backgrounddefault labelID="radio">special://skin/extras/backgrounds/radio.jpg</backgrounddefault>
    <backgrounddefault labelID="livetv">special://skin/extras/backgrounds/livetv.jpg</backgrounddefault>
    <backgrounddefault labelID="video">special://skin/extras/backgrounds/video.jpg</backgrounddefault>
    <backgrounddefault labelID="movies">special://skin/extras/backgrounds/movies.jpg</backgrounddefault>
    <backgrounddefault labelID="tvshows">special://skin/extras/backgrounds/tvshows.jpg</backgrounddefault>
    <backgrounddefault labelID="musicvideos">special://skin/extras/backgrounds/musicvideos.jpg</backgrounddefault>
    <backgrounddefault labelID="music">special://skin/extras/backgrounds/music.jpg</backgrounddefault>    
    <backgrounddefault labelID="addons">special://skin/extras/backgrounds/addons.jpg</backgrounddefault>    
    <backgrounddefault labelID="dvd">special://skin/extras/backgrounds/dvd.jpg</backgrounddefault>
    <backgrounddefault labelID="settings">special://skin/extras/backgrounds/settings.jpg</backgrounddefault>
    <!-- Additionnal Widgets -->
    <widget label="$LOCALIZE[89302]" icon="DefaultFolder.png" type="weathers" path="skin" target="list">DailyWeather</widget>
    <widget label="$LOCALIZE[89031]" icon="DefaultRecentlyAddedMovies.png" type="movies" path="videodb://recentlyaddedmovies/" target="videos">RecentMovies</widget>
    <widget label="$LOCALIZE[89033]" icon="DefaultRecentlyAddedEpisodes.png" type="episodes" path="videodb://recentlyaddedepisodes/" target="videos">RecentEpisodes</widget>
    <widget label="$LOCALIZE[89036]" icon="DefaultRecentlyAddedMusicVideos.png" type="albums" path="videodb://recentlyaddedmusicvideos/" target="videos">RecentMusicVideo</widget>
    <widget label="$LOCALIZE[89025]" icon="DefaultMusicRecentlyAdded.png" type="albums" path="musicdb://recentlyaddedalbums/" target="music">RecentAlbums</widget>   
    <!-- Default Widgets -->
    <widgetdefault labelID="weather">DailyWeather</widgetdefault>
    <widgetdefault labelID="movies">RecentMovies</widgetdefault>
    <widgetdefault labelID="tvshows">RecentEpisodes</widgetdefault>
    <widgetdefault labelID="musicvideos">RecentMusicVideo</widgetdefault>
    <widgetdefault labelID="music">RecentAlbums</widgetdefault>
    <!-- -->
    <groupoverride group="powermenu" disable_groups="" condition="Window.IsActive(DialogButtonMenu.xml)">Close</groupoverride>
    <groupoverride group="*" disable_groups="powermenu" condition="">SetProperty(MenuItemActive,$VAR[HomeMenuType],home)</groupoverride>
    <groupoverride group="*" disable_groups="powermenu" condition="">SetProperty(MenuBackground,$VAR[HomeBackground],home)</groupoverride>
    <!-- Menus Groupings -->
    <menus-groupings>
        <!-- Weather -->
        <node label="8">
            <shortcut label="8" type="8" icon="DefaultFolder.png">ActivateWindow(Weather)</shortcut>
            <shortcut label="184" type="8" icon="DefaultFolder.png">Weather.Refresh</shortcut>
            <shortcut label="35500" type="8" icon="DefaultFolder.png">Weather.LocationPrevious</shortcut>
            <shortcut label="35500" type="8" icon="DefaultFolder.png">Weather.LocationNext</shortcut>
            <shortcut label="8" type="10004" icon="DefaultFolder.png">ActivateWindow(weathersettings)</shortcut>
        </node>
        <!-- Pictures -->
        <node label="1">
            <shortcut label="1" type="1" icon="DefaultFolder.png">ActivateWindow(pictures)</shortcut>
            <shortcut label="1039" type="1" icon="DefaultAddonImages.png">ActivateWindow(pictures,addons://sources/image/,return)</shortcut>
            <shortcut label="1" type="10004" icon="DefaultFolder.png">ActivateWindow(picturessettings)</shortcut>
            <content>picturesources</content>
        </node>
        <!-- LiveTV -->
        <node label="19020" condition="PVR.HasTVChannels">
            <shortcut label="19020" type="19020" icon="DefaultTVShows.png">ActivateWindow(tvchannels)</shortcut>
            <shortcut label="19019" type="19020" icon="DefaultTVShows.png">ActivateWindow(tvchannels)</shortcut>
            <shortcut label="19069" type="19020" icon="DefaultTVShows.png">ActivateWindow(tvguide)</shortcut>
            <shortcut label="19017" type="19020" icon="DefaultTVShows.png">ActivateWindow(tvrecordings)</shortcut>
            <shortcut label="19138" type="19020" icon="DefaultTVShows.png">ActivateWindow(tvtimerrules)</shortcut>
            <shortcut label="19040" type="19020" icon="DefaultTVShows.png">ActivateWindow(tvtimers)</shortcut>
            <shortcut label="137" type="19020" icon="DefaultTVShows.png">ActivateWindow(tvsearch)</shortcut>
            <shortcut label="32066" type="19020" icon="DefaultTVShows.png">PlayPvrTV</shortcut>
            <shortcut label="32068" type="19020" icon="DefaultTVShows.png">PlayPvr</shortcut>
            <shortcut label="19020" type="10004" icon="DefaultFolder.png">ActivateWindow(pvrsettings)</shortcut>
            <node label="19023">
                <content>pvr-tv</content>
            </node>
        </node>
        <!-- Radio -->
        <node label="19021" condition="PVR.HasRadioChannels">
            <shortcut label="19021" type="19021" icon="DefaultTVShows.png">ActivateWindow(radiochannels)</shortcut>
            <shortcut label="19019" type="19021" icon="DefaultTVShows.png">ActivateWindow(radiochannels)</shortcut>
            <shortcut label="19069" type="19021" icon="DefaultTVShows.png">ActivateWindow(radioguide)</shortcut>
            <shortcut label="19017" type="19021" icon="DefaultTVShows.png">ActivateWindow(radiorecordings)</shortcut>
            <shortcut label="19138" type="19021" icon="DefaultTVShows.png">ActivateWindow(radiotimerrules)</shortcut>
            <shortcut label="19040" type="19021" icon="DefaultTVShows.png">ActivateWindow(radiotimers)</shortcut>
            <shortcut label="137" type="19021" icon="DefaultTVShows.png">ActivateWindow(radiosearch)</shortcut>
            <shortcut label="32066" type="19021" icon="DefaultTVShows.png">PlayPvrRadio</shortcut>
            <shortcut label="32068" type="19020" icon="DefaultTVShows.png">PlayPvr</shortcut>
            <shortcut label="19020" type="10004" icon="DefaultFolder.png">ActivateWindow(pvrsettings)</shortcut>
            <node label="19024">
                <content>pvr-radio</content>
            </node>
        </node>
        <!-- Video -->
        <node label="3">
            <shortcut label="3" type="3" icon="DefaultFolder.png">ActivateWindow(videos,library://video/,return)</shortcut>
            <shortcut label="744" type="3" icon="DefaultFolder.png">ActivateWindow(videos,sources://video/,return)</shortcut>
            <shortcut label="136" type="3" icon="DefaultVideoPlaylists.png">ActivateWindow(videos,special://videoplaylists/,return)</shortcut>
            <shortcut label="1037" type="3" icon="DefaultAddonVideo.png">ActivateWindow(videos,addons://sources/video/,return)</shortcut>
            <shortcut label="589" type="3" icon="DefaultFolder.png">PlayerControl(PartyMode(video))</shortcut>
            <shortcut label="653" type="3" icon="DefaultFolder.png">UpdateLibrary(video)</shortcut>
            <shortcut label="32055" type="3" icon="DefaultFolder.png">CleanLibrary(video)</shortcut>
            <shortcut label="3" type="10004" icon="DefaultFolder.png">ActivateWindow(videossettings)</shortcut>
            <node label="32040">
                <content>playlist-video</content>
            </node>
            <node label="32010">
                <shortcut label="1037" type="3" icon="DefaultAddonVideo.png">ActivateWindow(videos,addons://sources/video/,return)</shortcut>
                <content>addon-video</content>
            </node>
            <node label="32075">
                <content>videosources</content>
                <content>upnp-video</content>
            </node>
        </node>
        <!-- Movies -->
        <node label="342">
            <shortcut label="342" type="342" icon="DefaultFolder.png">ActivateWindow(videos,videodb://movies/titles/,return)</shortcut>
            <shortcut label="31328" type="342" icon="DefaultRecentlyAddedMovies.png">ActivateWindow(videos,videodb://recentlyaddedmovies/,return)</shortcut>
            <shortcut label="135" type="342" icon="DefaultFolder.png">ActivateWindow(videos,videodb://movies/genres/,return)</shortcut>
            <shortcut label="369" type="342" icon="DefaultFolder.png">ActivateWindow(videos,videodb://movies/titles/,return)</shortcut>
            <shortcut label="562" type="342" icon="DefaultFolder.png">ActivateWindow(videos,videodb://movies/years/,return)</shortcut>
            <shortcut label="344" type="342" icon="DefaultFolder.png">ActivateWindow(videos,videodb://movies/actors/,return)</shortcut>
            <shortcut label="20348" type="342" icon="DefaultFolder.png">ActivateWindow(videos,videodb://movies/directors/,return)</shortcut>
            <shortcut label="20388" type="342" icon="DefaultFolder.png">ActivateWindow(videos,videodb://movies/studios/,return)</shortcut>
            <shortcut label="20434" type="342" icon="DefaultFolder.png">ActivateWindow(videos,videodb://movies/sets/,return)</shortcut>
            <shortcut label="20451" type="342" icon="DefaultFolder.png">ActivateWindow(videos,videodb://movies/countries/,return)</shortcut>            
            <shortcut label="20459" type="342" icon="DefaultFolder.png">ActivateWindow(videos,videodb://movies/tags/,return)</shortcut>
            <shortcut label="20314" type="342" icon="DefaultFolder.png">ActivateWindow(videos,videodb://movies/,return)</shortcut>
        </node>
        <!-- TVShows -->
        <node label="20343">
            <shortcut label="20343" type="20343" icon="DefaultFolder.png">ActivateWindow(videos,videodb://movies/titles/,return)</shortcut>
            <shortcut label="31328" type="20343" icon="DefaultRecentlyAddedEpisodes.png">ActivateWindow(videos,videodb://recentlyaddedepisodes/,return)</shortcut>
            <shortcut label="626" type="20343" icon="DefaultInProgressShows.png">ActivateWindow(videos,library://video/inprogressshows.xml/,return)</shortcut>
            <shortcut label="135" type="20343" icon="DefaultFolder.png">ActivateWindow(videos,videodb://tvshows/genres/,return)</shortcut>
            <shortcut label="369" type="20343" icon="DefaultFolder.png">ActivateWindow(videos,videodb://tvshows/titles/,return)</shortcut>
            <shortcut label="562" type="20343" icon="DefaultFolder.png">ActivateWindow(videos,videodb://tvshows/years/,return)</shortcut>
            <shortcut label="344" type="20343" icon="DefaultFolder.png">ActivateWindow(videos,videodb://tvshows/actors/,return)</shortcut>
            <shortcut label="20388" type="20343" icon="DefaultFolder.png">ActivateWindow(videos,videodb://tvshows/studios/,return)</shortcut>            
            <shortcut label="20459" type="20343" icon="DefaultFolder.png">ActivateWindow(videos,videodb://tvshows/tags/,return)</shortcut>
            <shortcut label="20314" type="20343" icon="DefaultFolder.png">ActivateWindow(videos,videodb://tvshows/,return)</shortcut>
        </node>
        <!-- MusicVideos -->
        <node label="20389">
            <shortcut label="20389" type="20389" icon="DefaultFolder.png">ActivateWindow(videos,videodb://musicvideos/,return)</shortcut>
            <shortcut label="31328" type="20389" icon="DefaultRecentlyAddedMusicVideos.png">ActivateWindow(videos,videodb://recentlyaddedmusicvideos/,return)</shortcut>
            <shortcut label="135" type="20389" icon="DefaultMusicGenres.png">ActivateWindow(videos,videodb://musicvideos/genres/,return)</shortcut>
            <shortcut label="369" type="20389" icon="DefaultFolder.png">ActivateWindow(videos,videodb://musicvideos/titles/,return)</shortcut>
            <shortcut label="562" type="20389" icon="DefaultMusicYears.png">ActivateWindow(videos,videodb://musicvideos/years/,return)</shortcut>
            <shortcut label="133" type="20389" icon="DefaultMusicArtists.png">ActivateWindow(videos,videodb://musicvideos/artists/,return)</shortcut>
            <shortcut label="132" type="20389" icon="DefaultMusicAlbums.png">ActivateWindow(videos,videodb://musicvideos/albums/,return)</shortcut>            
            <shortcut label="20348" type="20389" icon="DefaultFolder.png">ActivateWindow(videos,videodb://musicvideos/directors/,return)</shortcut>            
            <shortcut label="20388" type="20389" icon="DefaultFolder.png">ActivateWindow(videos,videodb://musicvideos/studios/,return)</shortcut>
            <shortcut label="20459" type="20389" icon="DefaultFolder.png">ActivateWindow(videos,videodb://musicvideos/tags/,return)</shortcut>
            <shortcut label="20314" type="20389" icon="DefaultFolder.png">ActivateWindow(videos,videodb://musicvideos/,return)</shortcut>
        </node>
        <!-- Music -->
        <node label="2">
            <shortcut label="2" type="2" icon="DefaultFolder.png">ActivateWindow(music,musicdb://,return)</shortcut>
            <shortcut label="359" type="2" icon="DefaultMusicRecentlyAdded.png">ActivateWindow(music,musicdb://recentlyaddedalbums/,return)</shortcut>
            <shortcut label="517" type="2" icon="DefaultMusicRecentlyPlayed.png">ActivateWindow(music,musicdb://recentlyplayedalbums/,return)</shortcut>
            <shortcut label="135" type="2" icon="DefaultMusicGenres.png">ActivateWindow(music,musicdb://genres/,return)</shortcut>
            <shortcut label="133" type="2" icon="DefaultMusicArtists.png">ActivateWindow(music,musicdb://artists/,return)</shortcut>
            <shortcut label="132" type="2" icon="DefaultMusicAlbums.png">ActivateWindow(music,musicdb://albums/,return)</shortcut>
            <shortcut label="134" type="2" icon="DefaultMusicSongs.png">ActivateWindow(music,musicdb://songs/,return)</shortcut>
            <shortcut label="271" type="2" icon="DefaultMusicTop100.png">ActivateWindow(music,musicdb://top100/,return)</shortcut>
            <shortcut label="10504" type="2" icon="DefaultMusicTop100.png">ActivateWindow(music,musicdb://top100/songs/,return)</shortcut>
            <shortcut label="10505" type="2" icon="DefaultMusicTop100.png">ActivateWindow(music,musicdb://top100/albums/,return)</shortcut>            
            <shortcut label="521" type="2" icon="DefaultMusicCompilations.png">ActivateWindow(music,musicdb://compilations/,return)</shortcut>
            <shortcut label="562" type="2" icon="DefaultMusicYears.png">ActivateWindow(music,musicdb://years/,return)</shortcut>
            <shortcut label="1050" type="2" icon="DefaultFolder.png">ActivateWindow(music,musicdb://singles/,return)</shortcut>
            <shortcut label="10516" type="2" icon="DefaultFolder.png">ActivateWindow(music,musicdb://,return)</shortcut>            
            <shortcut label="744" type="2" icon="DefaultFolder.png">ActivateWindow(music,sources://music/,return)</shortcut>
            <shortcut label="136" type="2" icon="DefaultMusicPlaylists.png">ActivateWindow(music,special://musicplaylists/,return)</shortcut>
            <shortcut label="1038" type="2" icon="DefaultAddonMusic.png">ActivateWindow(music,addons://sources/audio/,return)</shortcut>
            <shortcut label="589" type="2" icon="DefaultFolder.png">PlayerControl(PartyMode(music))</shortcut>            
            <shortcut label="653" type="2" icon="DefaultFolder.png">UpdateLibrary(music)</shortcut>
            <shortcut label="32055" type="2" icon="DefaultFolder.png">CleanLibrary(music)</shortcut>
            <shortcut label="2" type="10004" icon="DefaultFolder.png">ActivateWindow(musicsettings)</shortcut>
            <node label="32040">
                <content>playlist-audio</content>
            </node>
            <node label="32011">
                <shortcut label="1038" type="2" grouping="music" icon="DefaultAddonMusic.png">ActivateWindow(music,addons://sources/audio/,return)</shortcut>
                <content>addon-audio</content>
            </node>
            <node label="32075">
                <content>musicsources</content>
                <content>upnp-music</content>
            </node>        
        </node>
        <!-- DVD -->
        <node label="446">
            <shortcut label="341" type="446" icon="DefaultFolder.png">PlayDVD</shortcut>
            <shortcut label="13391" type="446" icon="DefaultFolder.png">EjectTray()</shortcut>
        </node>
        <!-- Addons -->
        <node label="24001">
            <shortcut label="10040" type="10004" icon="DefaultFolder.png">ActivateWindow(addonbrowser)</shortcut>
            <node label="1043">
                <shortcut label="10001" type="24001" icon="DefaultAddonProgram.png">ActivateWindow(programs,addons://sources/executable/,return)</shortcut>
                <shortcut label="20244" type="24001" icon="DefaultAddonProgram.png" condition="System.Platform.Android">ActivateWindow(programs,androidapp://sources/apps,return)</shortcut>
                <content>addon-program</content>
            </node>
            <node label="1037">
                <shortcut label="1037" type="3" icon="DefaultAddonVideo.png">ActivateWindow(videos,addons://sources/video/,return)</shortcut>
                <content>addon-video</content>
            </node>
            <node label="1038">
                <shortcut label="1038" type="2" icon="DefaultAddonMusic.png">ActivateWindow(music,addons://sources/audio/,return)</shortcut>
                <content>addon-audio</content>
            </node>
            <node label="1039">
                <shortcut label="1039" type="1" icon="DefaultAddonImages.png">ActivateWindow(pictures,addons://sources/image/,return)</shortcut>
                <content>addon-image</content>
            </node>
        </node>
        <!-- Settings -->
        <node label="10004">
            <shortcut label="10004" type="10004" icon="DefaultFolder.png">ActivateWindow(settings)</shortcut>
            <shortcut label="7" type="10004" icon="DefaultFolder.png">ActivateWindow(filemanager)</shortcut>
            <shortcut label="10040" type="10004" icon="DefaultFolder.png">ActivateWindow(addonbrowser)</shortcut>
            <shortcut label="130" type="10004" icon="DefaultFolder.png">ActivateWindow(systeminfo)</shortcut>
            <shortcut label="14111" type="10004" icon="DefaultFolder.png">ActivateWindow(eventlog,events://,return)</shortcut>
            <shortcut label="166" type="10004" icon="DefaultFolder.png">ActivateWindow(skinsettings)</shortcut>           
            <!-- <shortcut label="8" type="10004" icon="DefaultFolder.png">ActivateWindow(weathersettings)</shortcut>
            <shortcut label="1" type="10004" icon="DefaultFolder.png">ActivateWindow(picturessettings)</shortcut>
            <shortcut label="19020" type="10004" icon="DefaultFolder.png">ActivateWindow(pvrsettings)</shortcut>
            <shortcut label="3" type="10004" icon="DefaultFolder.png">ActivateWindow(videossettings)</shortcut>
            <shortcut label="2" type="10004" icon="DefaultFolder.png">ActivateWindow(musicsettings)</shortcut>      
            <shortcut label="13000" type="10004" icon="DefaultFolder.png">ActivateWindow(systemsettings)</shortcut>
            <shortcut label="14036" type="10004" icon="DefaultFolder.png">ActivateWindow(servicesettings)</shortcut>
            <shortcut label="480" type="10004" icon="DefaultFolder.png">ActivateWindow(appearancesettings)</shortcut> -->
            <shortcut label="20183" type="10004" icon="DefaultFolder.png">ReloadSkin()</shortcut>            
        </node>
        <!-- Profiles -->
        <node label="13200">
            <shortcut label="13200" type="13200" icon="DefaultFolder.png">ActivateWindow(profiles)</shortcut>
            <shortcut label="10029" type="13200" icon="DefaultFolder.png">ActivateWindow(loginscreen)</shortcut>
            <shortcut label="20126" type="13200" icon="DefaultFolder.png">System.LogOff()</shortcut>
        </node>
        <!-- Power -->
        <node label="13005">
            <shortcut label="13005" type="13005" icon="DefaultFolder.png">ActivateWindow(shutdownmenu)</shortcut>
            <shortcut label="13012" type="13005" icon="DefaultFolder.png">Quit()</shortcut>
            <shortcut label="13016" type="13005" icon="DefaultFolder.png">Shutdown()</shortcut>
            <shortcut label="13011" type="13005" icon="DefaultFolder.png">Suspend()</shortcut>
            <shortcut label="13010" type="13005" icon="DefaultFolder.png">Hibernate()</shortcut>
            <shortcut label="13013" type="13005" icon="DefaultFolder.png">Reboot()</shortcut>
        </node>
        <!-- Favourites -->
        <node label="1036">
            <shortcut label="1036" type="1036" icon="DefaultFolder.png">ActivateWindow(favourites)</shortcut>
            <node label="1036">
                <content>favourite</content>
            </node>
        </node>
            <shortcut label="$ADDON[script.skin.helper.service 32062]" type="32054" icon="DefaultFolder.png" condition="System.HasAddon(script.skin.helper.service)">||BROWSE||script.skin.helper.service/?action=smartshortcuts</shortcut>
        <!-- <node label="32054">            
            <content>commands</content>
        </node> -->        
    </menus-groupings>
    <!-- Addons Groupings -->
    <addons-groupings>
        <node label="1043">
            <content>addon-program</content>
        </node>
        <node label="1037">
            <content>addon-video</content>
        </node>
        <node label="1038">
            <content>addon-audio</content>
        </node>
        <node label="1039">
            <content>addon-image</content>
        </node>
    </addons-groupings>
    <!-- TV Groupings -->
    <tv-groupings>
        <content>pvr-tv</content>
    </tv-groupings>
    <!-- Radio Groupings -->
    <radio-groupings>
        <content>pvr-radio</content>
    </radio-groupings>
    <widgetRename>False</widgetRename>
    <widget-groupings>
        <!-- Weather -->
        <node label="8">
            <shortcut label="89302" type="8" icon="DefaultFolder.png" widgetName="$LOCALIZE[89302]" widget="DailyWeather" widgetType="weathers" widgetTarget="list">skin</shortcut>
            <shortcut label="89303" type="8" icon="DefaultFolder.png" widgetName="$LOCALIZE[89303]" widget="HourlyWeather" widgetType="weathers" widgetTarget="list">skin</shortcut>
            <shortcut label="33034" type="8" icon="DefaultFolder.png" widgetName="$LOCALIZE[33034]" widget="H36Weather" widgetType="weatherbig" widgetTarget="list" condition="Skin.HasSetting(LowerMenu)">skin</shortcut>
        </node>
        <!-- LiveTV -->
        <node label="19020" condition="PVR.HasTVChannels">
            <shortcut label="88133" type="19020" icon="DefaultTVShows.png" widgetName="$LOCALIZE[88133]" widget="TVFavouritesChannels" widgetType="pvr" widgetTarget="submenus">skin</shortcut>
        </node>
        <!-- Radio -->
        <node label="19021" condition="PVR.HasRadioChannels">
            <shortcut label="88134" type="19021" icon="DefaultTVShows.png" widgetName="$LOCALIZE[88134]" widget="RadioFavouritesChannels" widgetType="pvr" widgetTarget="submenus">skin</shortcut>
        </node>
        <!-- Movies -->
        <node label="342">
            <shortcut label="89031" type="342" icon="DefaultRecentlyAddedMovies.png" widgetName="$LOCALIZE[89031]" widget="RecentMovies" widgetType="movies" widgetTarget="videos">videodb://recentlyaddedmovies/</shortcut>
            <shortcut label="90003" type="342" icon="DefaultFolder.png" widgetName="$LOCALIZE[90003]" widget="InprogressMovies" widgetType="movies" widgetTarget="videos">special://skin/extras/playlists/inprogress_movies.xsp</shortcut>            
            <shortcut label="88131" type="342" icon="DefaultFolder.png" widgetName="$LOCALIZE[88131]" widget="UnwatchedMovies" widgetType="movies" widgetTarget="videos">special://skin/extras/playlists/unwatched_movies.xsp</shortcut>
            <shortcut label="89032" type="342" icon="DefaultFolder.png" widgetName="$LOCALIZE[89032]" widget="RandomMovies" widgetType="movies" widgetTarget="videos">special://skin/extras/playlists/random_movies.xsp</shortcut>       
        </node>
        <!-- TVShows -->
        <node label="20343">
            <shortcut label="89033" type="20343" icon="DefaultRecentlyAddedEpisodes.png" widgetName="$LOCALIZE[89033]" widget="RecentEpisodes" widgetType="episodes" widgetTarget="videos">videodb://recentlyaddedepisodes/</shortcut>
            <shortcut label="89035" type="20343" icon="DefaultFolder.png" widgetName="$LOCALIZE[89035]" widget="RandomEpisodes" widgetType="episodes" widgetTarget="videos">special://skin/extras/playlists/random_episodes.xsp</shortcut>
            <shortcut label="90004" type="20343" icon="DefaultFolder.png" widgetName="$LOCALIZE[90004]" widget="InprogressTvShows" widgetType="tvshows" widgetTarget="videos">special://skin/extras/playlists/inprogress_tvshows.xsp</shortcut>
            <shortcut label="90005" type="20343" icon="DefaultFolder.png" widgetName="$LOCALIZE[90005]" widget="UnwatchedTvShows" widgetType="tvshows" widgetTarget="videos">special://skin/extras/playlists/unwatched_tvshows.xsp</shortcut>
        </node>
        <!-- MusicVideos -->
        <node label="20389">
            <shortcut label="89036" type="20389" icon="DefaultRecentlyAddedMusicVideos.png" widgetName="$LOCALIZE[89036]" widget="RecentMusicVideo" widgetType="albums" widgetTarget="videos">videodb://recentlyaddedmusicvideos/</shortcut>
            <shortcut label="89038" type="20389" icon="DefaultFolder.png" widgetName="$LOCALIZE[89038]" widget="RandomMusicVideo" widgetType="albums" widgetTarget="videos">special://skin/extras/playlists/random_musicvideos.xsp</shortcut>
        </node>
        <!-- Music -->
        <node label="2">
            <shortcut label="89025" type="2" icon="DefaultMusicRecentlyAdded.png" widgetName="$LOCALIZE[89025]" widget="RecentAlbums" widgetType="albums" widgetTarget="music">musicdb://recentlyaddedalbums/</shortcut>
            <shortcut label="517" type="2" icon="DefaultMusicRecentlyPlayed.png" widgetName="$LOCALIZE[517]" widget="RecentPlayedAlbums" widgetType="albums" widgetTarget="music">musicdb://recentlyplayedalbums</shortcut>
            <shortcut label="89027" type="2" icon="DefaultFolder.png" widgetName="$LOCALIZE[89027]" widget="RandomAlbums" widgetType="albums" widgetTarget="music">special://skin/extras/playlists/random_albums.xsp</shortcut>
            <shortcut label="90008" type="2" icon="DefaultFolder.png" widgetName="$LOCALIZE[90008]" widget="MostplayedAlbums" widgetType="albums" widgetTarget="music">special://skin/extras/playlists/mostplayed_albums.xsp</shortcut>
            <shortcut label="90007" type="2" icon="DefaultFolder.png" widgetName="$LOCALIZE[90007]" widget="UnplayedAlbums" widgetType="albums" widgetTarget="music">special://skin/extras/playlists/unplayed_albums.xsp</shortcut>
            <shortcut label="90006" type="2" icon="DefaultFolder.png" widgetName="$LOCALIZE[90006]" widget="RandomArtists" widgetType="artists" widgetTarget="music">special://skin/extras/playlists/random_artists.xsp</shortcut>
        </node>
        <!-- Playlists -->
        <node label="136">
            <node label="3">
                <content>playlist-video</content>
            </node>
            <node label="2">
                <content>playlist-audio</content>
            </node>
        </node>        
        <!-- Favourites -->
        <node label="1036">
            <shortcut label="1036" type="1036" icon="DefaultFolder.png" widgetName="$LOCALIZE[1036]" widget="Favourites" widgetType="favourites" widgetTarget="list">skin</shortcut>
        </node>
    </widget-groupings>
</overrides>
