<?xml version='1.0' encoding='UTF-8'?>
<shortcuts>
    <shortcut>        
        <label>13012</label>
        <label2>84220</label2>
        <action>Quit()</action>
        <icon>DefaultFolder.png</icon>       
    </shortcut>
    <shortcut>
        <label>13016</label>
        <label2>84220</label2>        
        <action>Powerdown()</action>
        <icon>DefaultFolder.png</icon>        
    </shortcut>
    <shortcut>        
        <label>20150</label>
        <label2>84220</label2>
        <action>AlarmClock(shutdowntimer,Shutdown())</action>
        <icon>DefaultFolder.png</icon>   
    </shortcut>
    <shortcut>        
        <label>20151</label>
        <label2>84220</label2>
        <action>CancelAlarm(shutdowntimer)</action>
        <icon>DefaultFolder.png</icon>     
    </shortcut>    
    <shortcut>        
        <label>13011</label>
        <label2>84220</label2>
        <action>Suspend()</action>
        <icon>DefaultFolder.png</icon>    
    </shortcut>
    <shortcut>       
        <label>13010</label>
        <label2>84220</label2>
        <action>Hibernate()</action>
        <icon>DefaultFolder.png</icon>        
    </shortcut>
    <shortcut>        
        <label>13013</label>
        <label2>84220</label2>
        <action>Reset()</action>
        <icon>DefaultFolder.png</icon>      
    </shortcut>
    <shortcut>        
        <label>20126</label>
        <label2>84220</label2>
        <action>dialog.close(all,true)</action>
        <action>System.LogOff</action>
        <icon>DefaultFolder.png</icon> 
        <visible>System.HasLoginScreen | Integer.IsGreater(System.ProfileCount,1)</visible>       
    </shortcut>
    <shortcut>        
        <label>20046</label>
        <label2>84220</label2>
        <altlabel>20045</altlabel>
        <usealttexture>!System.IsMaster</usealttexture>
        <action>mastermode</action>
        <icon>DefaultFolder.png</icon>         
    </shortcut>
    <shortcut>        
        <label>13017</label>
        <label2>84220</label2>
        <action>InhibitIdleShutdown(true)</action>
        <icon>DefaultFolder.png</icon>      
    </shortcut>
    <shortcut>        
        <label>13018</label>
        <label2>84220</label2>
        <action>InhibitIdleShutdown(false)</action>
        <icon>DefaultFolder.png</icon>      
    </shortcut>
    <shortcut>        
        <label>20183</label>
        <label2>84220</label2>
        <action>ReloadSkin()</action>
        <icon>DefaultFolder.png</icon>        
    </shortcut>
</shortcuts>
