<?xml version="1.0" encoding="utf-8"?>
<includes>
    <variable name="FavoritesButtonLabel">
		<value condition="String.IsEmpty(Skin.String(UsrFavBtnCmd.Label))">$LOCALIZE[1036]</value>
		<value condition="!String.IsEmpty(Skin.String(UsrFavBtnCmd.Label))">$INFO[Skin.String(UsrFavBtnCmd.Label)]</value>
		<value>$LOCALIZE[1036]</value>
	</variable>
    <variable name="FavoritesButtonCommand">
		<value condition="Skin.String(UsrFavBtnCmd.Path,AutoSuggest) + [String.IsEqual(Container(9000).ListItem.Property(defaultID),movies) | String.IsEqual(Container(9000).ListItem.label2,$LOCALIZE[342])]">ActivateWindow(2125)</value>
		<value condition="Skin.String(UsrFavBtnCmd.Path,AutoSuggest) + [String.IsEqual(Container(9000).ListItem.Property(defaultID),tvshows) | String.IsEqual(Container(9000).ListItem.label2,$LOCALIZE[20343])]">ActivateWindow(2124)</value>
		<value condition="Skin.String(UsrFavBtnCmd.Path,AutoSuggest) + [String.IsEqual(Container(9000).ListItem.Property(defaultID),music) | String.IsEqual(Container(9000).ListItem.label2,$LOCALIZE[2])]">ActivateWindow(2123)</value>
		<value condition="Skin.String(UsrFavBtnCmd.Path,AutoSuggest) + [String.IsEqual(Container(9000).ListItem.Property(defaultID),musicvideos) | String.IsEqual(Container(9000).ListItem.label2,$LOCALIZE[20389])]">ActivateWindow(2126)</value>
		<value condition="Skin.String(UsrFavBtnCmd.Path,AutoSuggest)">ActivateWindow(Favourites)</value>
        <value condition="!String.IsEmpty(Skin.String(UsrFavBtnCmd.Path))">$INFO[Skin.String(UsrFavBtnCmd.Path)]</value>
		<value>ActivateWindow(Favourites)</value>
	</variable>
    <variable name="PowerButtonLabel">
    	<value condition="String.IsEmpty(Skin.String(UsrPwrBtnCmd.Label))">$LOCALIZE[89707]</value>
		<value condition="!String.IsEmpty(Skin.String(UsrPwrBtnCmd.Label))">$INFO[Skin.String(UsrPwrBtnCmd.Label)]</value>
		<value>$LOCALIZE[89707]</value>
	</variable>
    <variable name="PowerButtonCommand">
        <value condition="!String.IsEmpty(Skin.String(UsrPwrBtnCmd.Path))">$INFO[Skin.String(UsrPwrBtnCmd.Path)]</value>
		<value>ActivateWindow(ShutdownMenu)</value>
    </variable>
    <!-- Stats bar -->
	<variable name="InfoBarStats">
        <!-- Videos -->
		<value condition="String.IsEqual(Container(9000).ListItem.Property(defaultID),video) | String.IsEqual(Container(9000).ListItem.label2,$LOCALIZE[3])">[B][COLOR=$INFO[Skin.String(menuColor)]]$LOCALIZE[20342]: [/COLOR][/B]$INFO[Window.Property(Movies.Count)]  [B][COLOR=$INFO[Skin.String(menuColor)]]$LOCALIZE[20343]: [/COLOR][/B]$INFO[Window.Property(TVShows.Count)]  [B][COLOR=$INFO[Skin.String(menuColor)]]$LOCALIZE[20389]: [/COLOR][/B]$INFO[Window.Property(MusicVideos.Count)]</value>
        <!-- Movies -->
		<value condition="String.IsEqual(Container(9000).ListItem.Property(defaultID),movies) | String.IsEqual(Container(9000).ListItem.label2,$LOCALIZE[342])">[B][COLOR=$INFO[Skin.String(menuColor)]]$LOCALIZE[20342]: [/COLOR][/B]$INFO[Window.Property(Movies.Count)]  [B][COLOR=$INFO[Skin.String(menuColor)]]$LOCALIZE[16102]: [/COLOR][/B]$INFO[Window.Property(Movies.Watched)]  [B][COLOR=$INFO[Skin.String(menuColor)]]$LOCALIZE[16101]: [/COLOR][/B]$INFO[Window.Property(Movies.UnWatched)]</value>
        <!-- TVShows -->
		<value condition="String.IsEqual(Container(9000).ListItem.Property(defaultID),tvshows) | String.IsEqual(Container(9000).ListItem.label2,$LOCALIZE[20343])">[B][COLOR=$INFO[Skin.String(menuColor)]]$LOCALIZE[20343]: [/COLOR][/B]$INFO[Window.Property(TVShows.Count)]  [B][COLOR=$INFO[Skin.String(menuColor)]]$LOCALIZE[20360]: [/COLOR][/B]$INFO[Window.Property(Episodes.Count)]  [B][COLOR=$INFO[Skin.String(menuColor)]]$LOCALIZE[16101]: [/COLOR][/B]$INFO[Window.Property(Episodes.UnWatched)]</value>
        <!-- MusicVideos -->
		<value condition="String.IsEqual(Container(9000).ListItem.Property(defaultID),musicvideos) | String.IsEqual(Container(9000).ListItem.label2,$LOCALIZE[20389])">[B][COLOR=$INFO[Skin.String(menuColor)]]$LOCALIZE[20389]: [/COLOR][/B]$INFO[Window.Property(MusicVideos.Count)]  [B][COLOR=$INFO[Skin.String(menuColor)]]$LOCALIZE[16102]: [/COLOR][/B]$INFO[Window.Property(MusicVideos.Watched)]  [B][COLOR=$INFO[Skin.String(menuColor)]]$LOCALIZE[16101]: [/COLOR][/B]$INFO[Window.Property(MusicVideos.UnWatched)]</value>
        <!-- Music -->
		<value condition="String.IsEqual(Container(9000).ListItem.Property(defaultID),music) | String.IsEqual(Container(9000).ListItem.label2,$LOCALIZE[2])">[B][COLOR=$INFO[Skin.String(menuColor)]]$LOCALIZE[132]: [/COLOR][/B]$INFO[Window.Property(Music.AlbumsCount)]  [B][COLOR=$INFO[Skin.String(menuColor)]]$LOCALIZE[133]: [/COLOR][/B]$INFO[Window.Property(Music.ArtistsCount)]  [B][COLOR=$INFO[Skin.String(menuColor)]]$LOCALIZE[134]: [/COLOR][/B]$INFO[Window.Property(Music.SongsCount)]</value>
        <!-- PlayDisc -->
		<value condition="[String.IsEqual(Container(9000).ListItem.Property(defaultID),dvd) | String.IsEqual(Container(9000).ListItem.label2,$LOCALIZE[446])] + System.HasMediaDVD">[B][COLOR=$INFO[Skin.String(menuColor)]]$LOCALIZE[427]: [/COLOR][/B]$INFO[System.DVDLabel]</value>
		<value condition="[String.IsEqual(Container(9000).ListItem.Property(defaultID),dvd) | String.IsEqual(Container(9000).ListItem.label2,$LOCALIZE[446])] + !System.HasMediaDVD">[B][COLOR=$INFO[Skin.String(menuColor)]]$LOCALIZE[427]: [/COLOR][/B]$LOCALIZE[164]</value>
        <!-- Weather -->
		<value condition="String.IsEqual(Container(9000).ListItem.Property(defaultID),weather) | String.IsEqual(Container(9000).ListItem.label2,$LOCALIZE[8])">[B][COLOR=$INFO[Skin.String(menuColor)]]$LOCALIZE[143][/COLOR][/B] $INFO[Window(weather).Property(Current.Temperature)]$INFO[System.TemperatureUnits]  [B][COLOR=$INFO[Skin.String(menuColor)]]$LOCALIZE[33030]: [/COLOR][/B]$INFO[Window(weather).Property(Current.Condition)]</value>
        <!-- TV -->
        <value condition="String.IsEqual(Container(9000).ListItem.Property(defaultID),livetv) | String.IsEqual(Container(9000).ListItem.label2,$LOCALIZE[19020])">[B][COLOR=$INFO[Skin.String(menuColor)]]$LOCALIZE[19019]: [/COLOR][/B] $INFO[Window(Home).Property(SkinHelper.TotalTVChannels)]</value>
        <!-- Radio -->
        <value condition="String.IsEqual(Container(9000).ListItem.Property(defaultID),radio) | String.IsEqual(Container(9000).ListItem.label2,$LOCALIZE[19021])">[B][COLOR=$INFO[Skin.String(menuColor)]]$LOCALIZE[19019]: [/COLOR][/B] $INFO[Window(Home).Property(SkinHelper.TotalRadioChannels)]</value>
        <!-- Other -->
		<value condition="!String.Contains(System.CPUTemperature,?) + !String.Contains(System.GPUTemperature,?)">[B][COLOR=$INFO[Skin.String(menuColor)]]IP: [/COLOR][/B]$INFO[Network.IPAddress]  [B][COLOR=$INFO[Skin.String(menuColor)]]CPU: [/COLOR][/B]$INFO[System.CPUTemperature]  [B][COLOR=$INFO[Skin.String(menuColor)]]GPU: [/COLOR][/B]$INFO[System.GPUTemperature]</value>
		<value condition="!String.Contains(System.CPUTemperature,?)">[B][COLOR=$INFO[Skin.String(menuColor)]]IP: [/COLOR][/B]$INFO[Network.IPAddress]  [B][COLOR=$INFO[Skin.String(menuColor)]]CPU: [/COLOR][/B]$INFO[System.CPUTemperature]  [B][COLOR=$INFO[Skin.String(menuColor)]]$LOCALIZE[155]: [/COLOR][/B]$INFO[System.UsedSpacePercent]</value>
		<value>[COLOR=$INFO[Skin.String(menuColor)]][B]IP: [/B][/COLOR]$INFO[Network.IPAddress]  [COLOR=$INFO[Skin.String(menuColor)]][B]RAM: [/B][/COLOR]$INFO[system.memory(used.percent)]  [COLOR=$INFO[Skin.String(menuColor)]][B]$LOCALIZE[155]: [/B][/COLOR]$INFO[System.UsedSpacePercent]</value>
	</variable>
    <!-- HomeBackground -->
    <variable name="HomeBackground">
        <value condition="!String.IsEmpty(Container(9000).ListItem.Property(background))">$INFO[Container(9000).ListItem.Property(background)]</value>
        <value condition="String.IsEmpty(Container(9000).ListItem.Property(background)) + String.IsEqual(Container(9000).ListItem.label2,$LOCALIZE[8])">special://skin/extras/backgrounds/weather.jpg</value>
        <value condition="String.IsEmpty(Container(9000).ListItem.Property(background)) + String.IsEqual(Container(9000).ListItem.label2,$LOCALIZE[1])">special://skin/extras/backgrounds/pictures.jpg</value>
        <value condition="String.IsEmpty(Container(9000).ListItem.Property(background)) + String.IsEqual(Container(9000).ListItem.label2,$LOCALIZE[19020])">special://skin/extras/backgrounds/livetv.jpg</value>
        <value condition="String.IsEmpty(Container(9000).ListItem.Property(background)) + String.IsEqual(Container(9000).ListItem.label2,$LOCALIZE[19021])">special://skin/extras/backgrounds/radio.jpg</value>
        <value condition="String.IsEmpty(Container(9000).ListItem.Property(background)) + String.IsEqual(Container(9000).ListItem.label2,$LOCALIZE[3])">special://skin/extras/backgrounds/video.jpg</value>   
        <value condition="String.IsEmpty(Container(9000).ListItem.Property(background)) + String.IsEqual(Container(9000).ListItem.label2,$LOCALIZE[342])">special://skin/extras/backgrounds/movies.jpg</value>
        <value condition="String.IsEmpty(Container(9000).ListItem.Property(background)) + String.IsEqual(Container(9000).ListItem.label2,$LOCALIZE[20343])">special://skin/extras/backgrounds/tvshows.jpg</value>     
        <value condition="String.IsEmpty(Container(9000).ListItem.Property(background)) + String.IsEqual(Container(9000).ListItem.label2,$LOCALIZE[20389])">special://skin/extras/backgrounds/musicvideos.jpg</value>
        <value condition="String.IsEmpty(Container(9000).ListItem.Property(background)) + String.IsEqual(Container(9000).ListItem.label2,$LOCALIZE[2])">special://skin/extras/backgrounds/music.jpg</value>                
        <value condition="String.IsEmpty(Container(9000).ListItem.Property(background)) + String.IsEqual(Container(9000).ListItem.label2,$LOCALIZE[446])">special://skin/extras/backgrounds/dvd.jpg</value>
        <value condition="String.IsEmpty(Container(9000).ListItem.Property(background)) + String.IsEqual(Container(9000).ListItem.label2,$LOCALIZE[24001])">special://skin/extras/backgrounds/addons.jpg</value>        
        <value condition="String.IsEmpty(Container(9000).ListItem.Property(background)) + StringCompare(Container(9000).ListItem.label2,$LOCALIZE[10004])">special://skin/extras/backgrounds/settings.jpg</value>
        <value condition="String.IsEmpty(Container(9000).ListItem.Property(background)) + String.IsEqual(Container(9000).ListItem.label2,$LOCALIZE[13200])">special://skin/extras/backgrounds/profile.jpg</value>      
        <value condition="String.IsEmpty(Container(9000).ListItem.Property(background)) + String.IsEqual(Container(9000).ListItem.label2,$LOCALIZE[13005])">special://skin/extras/backgrounds/power.jpg</value>        
        <value condition="String.IsEmpty(Container(9000).ListItem.Property(background)) + String.IsEqual(Container(9000).ListItem.label2,$LOCALIZE[1036])">special://skin/extras/backgrounds/favourites.jpg</value>
        <value condition="String.IsEmpty(Container(9000).ListItem.Property(background)) + String.IsEqual(Container(9000).ListItem.label2,$LOCALIZE[90001]) | String.IsEqual(Container(9000).ListItem.label2,$LOCALIZE[90002])">special://skin/extras/backgrounds/playlists.jpg</value>
        <value>$INFO[Skin.CurrentTheme,special://skin/extras/themes/,.jpg]</value>
    </variable>
    <!-- HomeMenuType -->
    <variable name="HomeMenuType">
        <value condition="String.IsEqual(Container(9000).ListItem.label2,$LOCALIZE[8])">weather</value>
        <value condition="String.IsEqual(Container(9000).ListItem.label2,$LOCALIZE[1])">pictures</value>
        <value condition="String.IsEqual(Container(9000).ListItem.label2,$LOCALIZE[19020])">livetv</value>
        <value condition="String.IsEqual(Container(9000).ListItem.label2,$LOCALIZE[19021])">radio</value>
        <value condition="String.IsEqual(Container(9000).ListItem.label2,$LOCALIZE[3])">video</value>   
        <value condition="String.IsEqual(Container(9000).ListItem.label2,$LOCALIZE[342])">movies</value>
        <value condition="String.IsEqual(Container(9000).ListItem.label2,$LOCALIZE[20343])">tvshows</value>     
        <value condition="String.IsEqual(Container(9000).ListItem.label2,$LOCALIZE[20389])">musicvideos</value>
        <value condition="String.IsEqual(Container(9000).ListItem.label2,$LOCALIZE[2])">music</value>                
        <value condition="String.IsEqual(Container(9000).ListItem.label2,$LOCALIZE[446])">dvd</value>
        <value condition="String.IsEqual(Container(9000).ListItem.label2,$LOCALIZE[24001])">addons</value>        
        <value condition="String.IsEqual(Container(9000).ListItem.label2,$LOCALIZE[10004])">settings</value>
        <value condition="String.IsEqual(Container(9000).ListItem.label2,$LOCALIZE[13200])">profile</value>      
        <value condition="String.IsEqual(Container(9000).ListItem.label2,$LOCALIZE[13005])">power</value>        
        <value condition="String.IsEqual(Container(9000).ListItem.label2,$LOCALIZE[1036])">favourites</value>
        <value condition="String.IsEqual(Container(9000).ListItem.label2,$LOCALIZE[90001]) | String.IsEqual(Container(9000).ListItem.label2,$LOCALIZE[90002])">playlists</value>        
        <value>$INFO[Container(9000).ListItem.Property(defaultID)]</value>
    </variable>
    <!-- -->
    <variable name="HomeFanartName">
        <value condition="!String.IsEmpty(Skin.String(HomeFanart.name))">$INFO[Skin.String(HomeFanart.name)]</value>
        <value>$LOCALIZE[231]</value>
    </variable>    
    <variable name="WeatherFanartName">
        <value condition="!String.IsEmpty(Skin.String(WeatherFanart.name))">$INFO[Skin.String(WeatherFanart.name)]</value>
        <value>$LOCALIZE[231]</value>
    </variable>
    <variable name="WeatherIconsName">
        <value condition="!String.IsEmpty(Skin.String(WeatherIcons.name))">$INFO[Skin.String(WeatherIcons.name)]</value>
        <value>$LOCALIZE[231]</value>
    </variable>
    <variable name="MenuColorName">
        <value condition="!String.IsEmpty(Skin.String(MenuColorName))">[COLOR=$INFO[Skin.String(menuColor)]]$INFO[Skin.String(MenuColorName)][/COLOR]</value>
        <value>[COLOR=selected]$LOCALIZE[571][/COLOR]</value>
    </variable>
    <variable name="MenuFocusName">
        <value condition="!String.IsEmpty(Skin.String(CustomFocusName)) + String.IsEqual(Skin.String(CustomFocusName),$LOCALIZE[88085])">[COLOR=selected]$INFO[Skin.String(CustomFocus)][/COLOR]</value>
        <value condition="!String.IsEmpty(Skin.String(CustomFocusName))">[COLOR=selected]$INFO[Skin.String(CustomFocusName)][/COLOR]</value>
        <value>[COLOR=selected]$LOCALIZE[571][/COLOR]</value>
    </variable>
    <variable name="WidgetLimitItemsName">
        <value condition="!String.IsEmpty(Skin.String(WidgetLimitItems))">$INFO[Skin.String(WidgetLimitItems)]</value>
        <value>10</value>
    </variable>
    <!-- Current Weather Icon -->
    <variable name="CurrentWeatherIcon">
        <value condition="!String.IsEmpty(Skin.String(WeatherIcons.name)) + String.IsEqual(Weather.Conditions,resource://resource.images.weathericons.default/na.png)">$INFO[Skin.String(WeatherIcons.path)]na.png</value>
        <value condition="!String.IsEmpty(Skin.String(WeatherIcons.name)) + String.IsEqual(Weather.Conditions,resource://resource.images.weathericons.default/0.png)">$INFO[Skin.String(WeatherIcons.path)]0.png</value>
        <value condition="!String.IsEmpty(Skin.String(WeatherIcons.name)) + String.IsEqual(Weather.Conditions,resource://resource.images.weathericons.default/1.png)">$INFO[Skin.String(WeatherIcons.path)]1.png</value>
        <value condition="!String.IsEmpty(Skin.String(WeatherIcons.name)) + String.IsEqual(Weather.Conditions,resource://resource.images.weathericons.default/2.png)">$INFO[Skin.String(WeatherIcons.path)]2.png</value>
        <value condition="!String.IsEmpty(Skin.String(WeatherIcons.name)) + String.IsEqual(Weather.Conditions,resource://resource.images.weathericons.default/3.png)">$INFO[Skin.String(WeatherIcons.path)]3.png</value>
        <value condition="!String.IsEmpty(Skin.String(WeatherIcons.name)) + String.IsEqual(Weather.Conditions,resource://resource.images.weathericons.default/4.png)">$INFO[Skin.String(WeatherIcons.path)]4.png</value>
        <value condition="!String.IsEmpty(Skin.String(WeatherIcons.name)) + String.IsEqual(Weather.Conditions,resource://resource.images.weathericons.default/5.png)">$INFO[Skin.String(WeatherIcons.path)]5.png</value>
        <value condition="!String.IsEmpty(Skin.String(WeatherIcons.name)) + String.IsEqual(Weather.Conditions,resource://resource.images.weathericons.default/6.png)">$INFO[Skin.String(WeatherIcons.path)]6.png</value>
        <value condition="!String.IsEmpty(Skin.String(WeatherIcons.name)) + String.IsEqual(Weather.Conditions,resource://resource.images.weathericons.default/7.png)">$INFO[Skin.String(WeatherIcons.path)]7.png</value>
        <value condition="!String.IsEmpty(Skin.String(WeatherIcons.name)) + String.IsEqual(Weather.Conditions,resource://resource.images.weathericons.default/8.png)">$INFO[Skin.String(WeatherIcons.path)]8.png</value>
        <value condition="!String.IsEmpty(Skin.String(WeatherIcons.name)) + String.IsEqual(Weather.Conditions,resource://resource.images.weathericons.default/9.png)">$INFO[Skin.String(WeatherIcons.path)]9.png</value>
        <value condition="!String.IsEmpty(Skin.String(WeatherIcons.name)) + String.IsEqual(Weather.Conditions,resource://resource.images.weathericons.default/10.png)">$INFO[Skin.String(WeatherIcons.path)]10.png</value>
        <value condition="!String.IsEmpty(Skin.String(WeatherIcons.name)) + String.IsEqual(Weather.Conditions,resource://resource.images.weathericons.default/11.png)">$INFO[Skin.String(WeatherIcons.path)]11.png</value>
        <value condition="!String.IsEmpty(Skin.String(WeatherIcons.name)) + String.IsEqual(Weather.Conditions,resource://resource.images.weathericons.default/12.png)">$INFO[Skin.String(WeatherIcons.path)]12.png</value>
        <value condition="!String.IsEmpty(Skin.String(WeatherIcons.name)) + String.IsEqual(Weather.Conditions,resource://resource.images.weathericons.default/13.png)">$INFO[Skin.String(WeatherIcons.path)]13.png</value>
        <value condition="!String.IsEmpty(Skin.String(WeatherIcons.name)) + String.IsEqual(Weather.Conditions,resource://resource.images.weathericons.default/14.png)">$INFO[Skin.String(WeatherIcons.path)]14.png</value>
        <value condition="!String.IsEmpty(Skin.String(WeatherIcons.name)) + String.IsEqual(Weather.Conditions,resource://resource.images.weathericons.default/15.png)">$INFO[Skin.String(WeatherIcons.path)]15.png</value>
        <value condition="!String.IsEmpty(Skin.String(WeatherIcons.name)) + String.IsEqual(Weather.Conditions,resource://resource.images.weathericons.default/16.png)">$INFO[Skin.String(WeatherIcons.path)]16.png</value>
        <value condition="!String.IsEmpty(Skin.String(WeatherIcons.name)) + String.IsEqual(Weather.Conditions,resource://resource.images.weathericons.default/17.png)">$INFO[Skin.String(WeatherIcons.path)]17.png</value>
        <value condition="!String.IsEmpty(Skin.String(WeatherIcons.name)) + String.IsEqual(Weather.Conditions,resource://resource.images.weathericons.default/18.png)">$INFO[Skin.String(WeatherIcons.path)]18.png</value>
        <value condition="!String.IsEmpty(Skin.String(WeatherIcons.name)) + String.IsEqual(Weather.Conditions,resource://resource.images.weathericons.default/19.png)">$INFO[Skin.String(WeatherIcons.path)]19.png</value>
        <value condition="!String.IsEmpty(Skin.String(WeatherIcons.name)) + String.IsEqual(Weather.Conditions,resource://resource.images.weathericons.default/20.png)">$INFO[Skin.String(WeatherIcons.path)]20.png</value>
        <value condition="!String.IsEmpty(Skin.String(WeatherIcons.name)) + String.IsEqual(Weather.Conditions,resource://resource.images.weathericons.default/21.png)">$INFO[Skin.String(WeatherIcons.path)]21.png</value>
        <value condition="!String.IsEmpty(Skin.String(WeatherIcons.name)) + String.IsEqual(Weather.Conditions,resource://resource.images.weathericons.default/22.png)">$INFO[Skin.String(WeatherIcons.path)]22.png</value>
        <value condition="!String.IsEmpty(Skin.String(WeatherIcons.name)) + String.IsEqual(Weather.Conditions,resource://resource.images.weathericons.default/23.png)">$INFO[Skin.String(WeatherIcons.path)]23.png</value>
        <value condition="!String.IsEmpty(Skin.String(WeatherIcons.name)) + String.IsEqual(Weather.Conditions,resource://resource.images.weathericons.default/24.png)">$INFO[Skin.String(WeatherIcons.path)]24.png</value>
        <value condition="!String.IsEmpty(Skin.String(WeatherIcons.name)) + String.IsEqual(Weather.Conditions,resource://resource.images.weathericons.default/25.png)">$INFO[Skin.String(WeatherIcons.path)]25.png</value>
        <value condition="!String.IsEmpty(Skin.String(WeatherIcons.name)) + String.IsEqual(Weather.Conditions,resource://resource.images.weathericons.default/26.png)">$INFO[Skin.String(WeatherIcons.path)]26.png</value>
        <value condition="!String.IsEmpty(Skin.String(WeatherIcons.name)) + String.IsEqual(Weather.Conditions,resource://resource.images.weathericons.default/27.png)">$INFO[Skin.String(WeatherIcons.path)]27.png</value>
        <value condition="!String.IsEmpty(Skin.String(WeatherIcons.name)) + String.IsEqual(Weather.Conditions,resource://resource.images.weathericons.default/28.png)">$INFO[Skin.String(WeatherIcons.path)]28.png</value>
        <value condition="!String.IsEmpty(Skin.String(WeatherIcons.name)) + String.IsEqual(Weather.Conditions,resource://resource.images.weathericons.default/29.png)">$INFO[Skin.String(WeatherIcons.path)]29.png</value>
        <value condition="!String.IsEmpty(Skin.String(WeatherIcons.name)) + String.IsEqual(Weather.Conditions,resource://resource.images.weathericons.default/30.png)">$INFO[Skin.String(WeatherIcons.path)]30.png</value>
        <value condition="!String.IsEmpty(Skin.String(WeatherIcons.name)) + String.IsEqual(Weather.Conditions,resource://resource.images.weathericons.default/31.png)">$INFO[Skin.String(WeatherIcons.path)]31.png</value>
        <value condition="!String.IsEmpty(Skin.String(WeatherIcons.name)) + String.IsEqual(Weather.Conditions,resource://resource.images.weathericons.default/32.png)">$INFO[Skin.String(WeatherIcons.path)]32.png</value>
        <value condition="!String.IsEmpty(Skin.String(WeatherIcons.name)) + String.IsEqual(Weather.Conditions,resource://resource.images.weathericons.default/33.png)">$INFO[Skin.String(WeatherIcons.path)]33.png</value>
        <value condition="!String.IsEmpty(Skin.String(WeatherIcons.name)) + String.IsEqual(Weather.Conditions,resource://resource.images.weathericons.default/34.png)">$INFO[Skin.String(WeatherIcons.path)]34.png</value>
        <value condition="!String.IsEmpty(Skin.String(WeatherIcons.name)) + String.IsEqual(Weather.Conditions,resource://resource.images.weathericons.default/35.png)">$INFO[Skin.String(WeatherIcons.path)]35.png</value>
        <value condition="!String.IsEmpty(Skin.String(WeatherIcons.name)) + String.IsEqual(Weather.Conditions,resource://resource.images.weathericons.default/36.png)">$INFO[Skin.String(WeatherIcons.path)]36.png</value>
        <value condition="!String.IsEmpty(Skin.String(WeatherIcons.name)) + String.IsEqual(Weather.Conditions,resource://resource.images.weathericons.default/37.png)">$INFO[Skin.String(WeatherIcons.path)]37.png</value>
        <value condition="!String.IsEmpty(Skin.String(WeatherIcons.name)) + String.IsEqual(Weather.Conditions,resource://resource.images.weathericons.default/38.png)">$INFO[Skin.String(WeatherIcons.path)]38.png</value>
        <value condition="!String.IsEmpty(Skin.String(WeatherIcons.name)) + String.IsEqual(Weather.Conditions,resource://resource.images.weathericons.default/39.png)">$INFO[Skin.String(WeatherIcons.path)]39.png</value>
        <value condition="!String.IsEmpty(Skin.String(WeatherIcons.name)) + String.IsEqual(Weather.Conditions,resource://resource.images.weathericons.default/40.png)">$INFO[Skin.String(WeatherIcons.path)]40.png</value>
        <value condition="!String.IsEmpty(Skin.String(WeatherIcons.name)) + String.IsEqual(Weather.Conditions,resource://resource.images.weathericons.default/41.png)">$INFO[Skin.String(WeatherIcons.path)]41.png</value>
        <value condition="!String.IsEmpty(Skin.String(WeatherIcons.name)) + String.IsEqual(Weather.Conditions,resource://resource.images.weathericons.default/42.png)">$INFO[Skin.String(WeatherIcons.path)]42.png</value>
        <value condition="!String.IsEmpty(Skin.String(WeatherIcons.name)) + String.IsEqual(Weather.Conditions,resource://resource.images.weathericons.default/43.png)">$INFO[Skin.String(WeatherIcons.path)]43.png</value>
        <value condition="!String.IsEmpty(Skin.String(WeatherIcons.name)) + String.IsEqual(Weather.Conditions,resource://resource.images.weathericons.default/44.png)">$INFO[Skin.String(WeatherIcons.path)]44.png</value>
        <value condition="!String.IsEmpty(Skin.String(WeatherIcons.name)) + String.IsEqual(Weather.Conditions,resource://resource.images.weathericons.default/45.png)">$INFO[Skin.String(WeatherIcons.path)]45.png</value>
        <value condition="!String.IsEmpty(Skin.String(WeatherIcons.name)) + String.IsEqual(Weather.Conditions,resource://resource.images.weathericons.default/46.png)">$INFO[Skin.String(WeatherIcons.path)]46.png</value>
        <value condition="!String.IsEmpty(Skin.String(WeatherIcons.name)) + String.IsEqual(Weather.Conditions,resource://resource.images.weathericons.default/47.png)">$INFO[Skin.String(WeatherIcons.path)]47.png</value>
        <value>$INFO[Weather.Conditions]</value>
    </variable>    
    <!-- -->
    <variable name="SkinShortcutsTitle">
        <value condition="!IsEmpty(Window.Property(groupname)) + String.IsEqual(Window.Property(groupname),mainmenu)">[COLOR=blue] - [/COLOR]$ADDON[script.skinshortcuts 32071]</value>
        <value condition="!IsEmpty(Window.Property(groupname)) + String.IsEqual(Window.Property(groupname),powermenu)">[COLOR=blue] - [/COLOR]$LOCALIZE[90000]</value>
		<value condition="!IsEmpty(Window.Property(groupname)) + !String.IsEqual(Window.Property(groupname),mainmenu) + !String.IsEqual(Window.Property(groupname),powermenu) + !String.Contains(Window.Property(groupname),.)">[COLOR=blue] - [/COLOR]$ADDON[script.skinshortcuts 32072]</value>
        <value condition="!IsEmpty(Window.Property(groupname)) + !String.IsEqual(Window.Property(groupname),mainmenu) + !String.IsEqual(Window.Property(groupname),powermenu) + String.EndsWith(Window.Property(groupname),.1)">[COLOR=blue] - [/COLOR]$LOCALIZE[24020] $LOCALIZE[89003]</value>
        <value condition="!IsEmpty(Window.Property(groupname)) + !String.IsEqual(Window.Property(groupname),mainmenu) + !String.IsEqual(Window.Property(groupname),powermenu) + String.EndsWith(Window.Property(groupname),.2)">[COLOR=blue] - [/COLOR]$LOCALIZE[24020] $LOCALIZE[89004]</value>
    </variable>
    <variable name="SkinShortcutsTitleDlg">
        <value condition="!IsEmpty(Window.Property(groupname)) + String.IsEqual(Window.Property(groupname),mainmenu)">$LOCALIZE[513]</value>
        <value condition="!IsEmpty(Window.Property(groupname)) + String.IsEqual(Window.Property(groupname),powermenu)">$LOCALIZE[89707]</value>
		<value condition="!IsEmpty(Window.Property(groupname)) + !String.IsEqual(Window.Property(groupname),mainmenu) + !String.IsEqual(Window.Property(groupname),powermenu) + !String.Contains(Window.Property(groupname),.)">$LOCALIZE[1034] ($INFO[Window.Property(groupDisplayName)])</value>
        <value condition="!IsEmpty(Window.Property(groupname)) + !String.IsEqual(Window.Property(groupname),mainmenu) + !String.IsEqual(Window.Property(groupname),powermenu) + String.EndsWith(Window.Property(groupname),.1)">$LOCALIZE[89003] ($INFO[Window.Property(groupDisplayName)])</value>
        <value condition="!IsEmpty(Window.Property(groupname)) + !String.IsEqual(Window.Property(groupname),mainmenu) + !String.IsEqual(Window.Property(groupname),powermenu) + String.EndsWith(Window.Property(groupname),.2)">$LOCALIZE[89004] ($INFO[Window.Property(groupDisplayName)])</value>
    </variable>
    <variable name="SkinShortcutsGrouping">
        <value condition="!String.Contains(Window.Property(groupname),.)">menus</value>
        <value condition="String.EndsWith(Window.Property(groupname),.1)">addons</value>
        <value condition="String.EndsWith(Window.Property(groupname),.2) + String.IsEqual(Window(home).Property(current_widget),TVFavouritesChannels)">tv</value>
        <value condition="String.EndsWith(Window.Property(groupname),.2) + String.IsEqual(Window(home).Property(current_widget),RadioFavouritesChannels)">radio</value>
    </variable>
    <variable name="Submenu_Visibility">
        <value>$INFO[Container(9000).ListItem.Property(submenuVisibility)]</value>
    </variable>
</includes>
