﻿<?xml version="1.0" encoding="UTF-8"?>
<window>
	<defaultcontrol>90010</defaultcontrol>
    <onload condition="IsEmpty(Window(home).Property(MenuItemActive))">SetProperty(MenuItemActive,settings,home)</onload>
    <onload condition="IsEmpty(Window(home).Property(MenuBackground))">SetProperty(MenuBackground,special://skin/extras/backgrounds/settings.jpg,home)</onload>
    <onload>SetProperty(custom-grouping,$VAR[SkinShortcutsGrouping])</onload>
    <controls>
        <include>CommonCustomBackground</include>
		<include>CommonBackground</include>
		<control type="image">
			<left>0</left>
			<top>100r</top>
			<width>1280</width>
			<height>100</height>
			<texture>floor.png</texture>
			<include>VisibleFadeEffect</include>
			<visible>!Skin.HasSetting(NoFloorAll)</visible>
		</control>
        <control type="group">
			<left>90</left>
			<top>30</top>
			<animation type="WindowOpen" reversible="false">
				<effect type="zoom" start="80" end="100" center="640,360" easing="out" tween="back" time="225" />
				<effect type="fade" start="0" end="100" time="225" />
			</animation>
			<animation type="WindowClose" reversible="false">
				<effect type="zoom" start="100" end="80" center="640,360" easing="in" tween="back" time="225" />
				<effect type="fade" start="100" end="0" time="225" />
			</animation>
			<control type="image">
				<left>5</left>
				<top>5</top>
				<width>1090</width>
				<height>630</height>
				<texture border="15">ContentPanel.png</texture>
			</control>
			<control type="image">
				<left>5</left>
				<top>625</top>
				<width>1090</width>
				<height>64</height>
				<texture border="15">ContentPanelMirror.png</texture>
				<visible>!Skin.HasSetting(NoFloorAll)</visible>
			</control>
			<control type="button">
				<description>Close Window button</description>
				<left>980</left>
				<top>11</top>
				<width>64</width>
				<height>32</height>
				<label>-</label>
				<font>-</font>
				<onclick>PreviousMenu</onclick>
				<texturefocus>DialogCloseButton-focus.png</texturefocus>
				<texturenofocus>DialogCloseButton.png</texturenofocus>
				<onleft>1</onleft>
				<onright>1</onright>
				<onup>1</onup>
				<ondown>1</ondown>
				<visible>system.getbool(input.enablemouse)</visible>
			</control>
            <control type="button" id="800">
                <left>130</left>
                <top>40</top>
                <width>30</width>
                <height>30</height>
                <texturefocus border="0,0,0,3">scroll-up-focus.png</texturefocus>
                <texturenofocus border="0,0,0,3">scroll-up.png</texturenofocus>
                <onleft>90010</onleft>
                <onright>90010</onright>
                <onup>211</onup>
                <ondown>211</ondown>
                <onclick>Control.Move(211,-1)</onclick>
                <visible>Integer.IsGreater(Container(211).NumItems,5) + Container(211).HasPrevious</visible>
            </control>
            <control type="button" id="801">
                <left>130</left>
                <top>573</top>
                <width>30</width>
                <height>30</height>
                <texturefocus border="0,0,0,3">scroll-down-focus.png</texturefocus>
                <texturenofocus border="0,0,0,3">scroll-down.png</texturenofocus>
                <onleft>90010</onleft>
                <onright>90010</onright>
                <onup>211</onup>
                <ondown>211</ondown>
                <onclick>Control.Move(211,1)</onclick>
                <visible>Integer.IsGreater(Container(211).NumItems,5) + Container(211).HasNext</visible>
            </control>
			<control type="list" id="211">
				<left>10</left>
				<top>70</top>
				<width>260</width>
				<height>501</height>
				<onleft>90010</onleft>
				<onright>90010</onright>
				<onup>211</onup>
				<ondown>211</ondown>
				<pagecontrol>-</pagecontrol>
				<scrolltime>300</scrolltime>
				<itemlayout height="50" width="260">
					<control type="image">
						<left>0</left>
						<top>0</top>
						<width>260</width>
						<height>51</height>
						<texture border="5">MenuItemNF.png</texture>
					</control>
					<control type="label">
						<left>10</left>
						<top>0</top>
						<width>230</width>
						<height>50</height>
						<font>font24_title</font>
						<textcolor>grey3</textcolor>
						<align>right</align>
						<aligny>center</aligny>
						<label>$INFO[ListItem.Label]</label>
					</control>
				</itemlayout>
				<focusedlayout height="50" width="260">
					<control type="image">
						<left>0</left>
						<top>0</top>
						<width>260</width>
						<height>51</height>
						<texture border="5">MenuItemFO.png</texture>
						<animation effect="fade" start="100" end="30" time="75" condition="!Control.HasFocus(211)">Conditional</animation>
					</control>
					<control type="label">
						<left>10</left>
						<top>0</top>
						<width>230</width>
						<height>50</height>
						<font>font24_title</font>
						<textcolor>white</textcolor>
						<align>right</align>
						<aligny>center</aligny>
						<label>$INFO[ListItem.Label]</label>
					</control>
				</focusedlayout>
            </control>
			<control type="image">
				<left>268</left>
				<top>10</top>
				<width>790</width>
				<height>618</height>
				<texture border="5">black-back2.png</texture>
			</control>
			<control type="image">
				<left>268</left>
				<top>10</top>
				<width>790</width>
				<height>52</height>
				<texture>dialogheader.png</texture>
			</control>
			<control type="label" id="501">
				<description>header label powermenu</description>
				<left>300</left>
				<top>20</top>
				<width>726</width>
				<height>30</height>
				<font>font16</font>
                <label>$VAR[SkinShortcutsTitleDlg] - $INFO[Container(211).ListItem.Label]</label>
				<align>center</align>
				<aligny>center</aligny>
				<textcolor>white</textcolor>
				<shadowcolor>black</shadowcolor>
			</control>
            <control type="group" id="90010">
                <control type="grouplist" id="90011">
					<left>290</left>
					<top>60</top>
					<width>750</width>
					<height>530</height>
					<itemgap>-1</itemgap>
					<pagecontrol>60</pagecontrol>
					<onleft>211</onleft>
					<onright>61</onright>
					<onup>90011</onup>
					<ondown>90011</ondown>
                    <control type="button" id="401">
                        <description>Choose shortcut</description>
                        <width>750</width>
						<height>40</height>
						<font>font13</font>
                        <label>$ADDON[script.skinshortcuts 32048]</label>
                        <label2>$INFO[Container(211).ListItem.Label]</label2>
                        <textcolor>grey2</textcolor>
						<focusedcolor>white</focusedcolor>
						<texturefocus>MenuItemFO.png</texturefocus>
						<texturenofocus>MenuItemNF.png</texturenofocus>
                        <onclick>SetProperty(custom-grouping,$VAR[SkinShortcutsGrouping])</onclick>
                    </control>
                    <control type="button" id="307">
                        <description>Change action</description>
                        <width>750</width>
						<height>40</height>
						<font>font13</font>
                        <label>$ADDON[script.skinshortcuts 32027]</label>
                        <label2>$INFO[Container(211).ListItem.Property(displaypath)]</label2>
                        <textcolor>grey2</textcolor>
						<focusedcolor>white</focusedcolor>
						<texturefocus>MenuItemFO.png</texturefocus>
						<texturenofocus>MenuItemNF.png</texturenofocus>
                        <onclick>SetProperty(custom-grouping,$VAR[SkinShortcutsGrouping])</onclick>
                    </control>
                    <control type="button" id="305">
                        <description>Change label</description>
                        <width>750</width>
						<height>40</height>
						<font>font13</font>
                        <label>$ADDON[script.skinshortcuts 32025]</label>
                        <label2>$INFO[Container(211).ListItem.Label]</label2>
                        <textcolor>grey2</textcolor>
						<focusedcolor>white</focusedcolor>
						<texturefocus>MenuItemFO.png</texturefocus>
						<texturenofocus>MenuItemNF.png</texturenofocus>
                    </control>
                    <control type="button" id="310">
                        <description>Browse for background</description>
                        <width>750</width>
						<height>40</height>
						<font>font13</font>
                        <label>$ADDON[script.skinshortcuts 32045]</label>
                        <label2>$INFO[Container(211).ListItem.Property(background)]</label2>
                        <textcolor>grey2</textcolor>
						<focusedcolor>white</focusedcolor>
						<texturefocus>MenuItemFO.png</texturefocus>
						<texturenofocus>MenuItemNF.png</texturenofocus>
                        <visible>String.IsEqual(Window.Property(groupname),mainmenu)</visible>
                    </control>
                    <control type="button" id="405">
                        <description>Edit submenu</description>
                        <width>750</width>
						<height>40</height>
						<font>font13</font>
                        <label>$ADDON[script.skinshortcuts 32072]</label>
                        <textcolor>grey2</textcolor>
						<focusedcolor>white</focusedcolor>
						<texturefocus>MenuItemFO.png</texturefocus>
						<texturenofocus>MenuItemNF.png</texturenofocus>
                        <visible>String.IsEqual(Window.Property(groupname),mainmenu)</visible>                       
                    </control>
                    <control type="button" id="406">
                        <description>Edit subaddons</description>
                        <width>750</width>
						<height>40</height>
						<font>font13</font>
                        <label>$LOCALIZE[24020] $LOCALIZE[89003]</label>
                        <textcolor>grey2</textcolor>
						<focusedcolor>white</focusedcolor>
						<texturefocus>MenuItemFO.png</texturefocus>
						<texturenofocus>MenuItemNF.png</texturenofocus>
                        <visible>String.IsEqual(Window.Property(groupname),mainmenu)</visible>                       
                    </control>
                    <control type="button" id="312">
                        <description>Edit widget name</description>
                        <width>750</width>
						<height>40</height>
						<font>font13</font>
                        <label>$ADDON[script.skinshortcuts 32099]</label>
                        <label2>$INFO[Container(211).ListItem.Property(widgetName)]</label2>
                        <textcolor>grey2</textcolor>
						<focusedcolor>white</focusedcolor>
						<texturefocus>MenuItemFO.png</texturefocus>
						<texturenofocus>MenuItemNF.png</texturenofocus>
                        <visible>String.IsEqual(Window.Property(groupname),mainmenu)</visible>
                    </control>
                    <control type="button" id="407">
                        <description>Edit subwidgets</description>
                        <width>750</width>
						<height>40</height>
						<font>font13</font>
                        <label>$LOCALIZE[24020] $LOCALIZE[89004]</label>
                        <textcolor>grey2</textcolor>
						<focusedcolor>white</focusedcolor>
						<texturefocus>MenuItemFO.png</texturefocus>
						<texturenofocus>MenuItemNF.png</texturenofocus>
                        <onclick>SetProperty(current_widget,$INFO[Container(211).ListItem.Property(widget)],home)</onclick>
                        <visible>String.IsEqual(Window.Property(groupname),mainmenu) + String.IsEqual(Container(211).ListItem.Property(widgetTarget),submenus)</visible>                       
                    </control>
                    <control type="image" id="600">
                        <description>separator image</description>
                        <width>750</width>
                        <height>2</height>
                        <texture>separator2.png</texture>
                    </control>
                    <control type="button" id="303">
                        <description>Move up</description>
                        <width>750</width>
						<height>40</height>
						<font>font13</font>
                        <label>$LOCALIZE[31159]</label>
                        <textcolor>grey2</textcolor>
						<focusedcolor>white</focusedcolor>
						<texturefocus>MenuItemFO.png</texturefocus>
						<texturenofocus>MenuItemNF.png</texturenofocus>
                    </control>
                    <control type="button" id="304">
                        <description>Move down</description>
                        <width>750</width>
						<height>40</height>
						<font>font13</font>
                        <label>$LOCALIZE[31160]</label>
                        <textcolor>grey2</textcolor>
						<focusedcolor>white</focusedcolor>
						<texturefocus>MenuItemFO.png</texturefocus>
						<texturenofocus>MenuItemNF.png</texturenofocus>
                    </control>
                    <control type="button" id="302">
                        <description>Delete shortcut</description>
                        <width>750</width>
						<height>40</height>
						<font>font13</font>
                        <textcolor>grey2</textcolor>
						<focusedcolor>white</focusedcolor>
						<texturefocus>MenuItemFO.png</texturefocus>
						<texturenofocus>MenuItemNF.png</texturenofocus>
                    </control>
                    <control type="button" id="301">
                        <description>Add shortcut</description>
                        <width>750</width>
						<height>40</height>
						<font>font13</font>
                        <label>$ADDON[script.skinshortcuts 32000]</label>
                        <textcolor>grey2</textcolor>
						<focusedcolor>white</focusedcolor>
						<texturefocus>MenuItemFO.png</texturefocus>
						<texturenofocus>MenuItemNF.png</texturenofocus>
                    </control>
                    <control type="image" id="601">
                        <description>separator image</description>
                        <width>750</width>
                        <height>2</height>
                        <texture>separator2.png</texture>
                    </control>
                    <control type="button" id="308">
                        <description>Add shortcut</description>
                        <width>750</width>
						<height>40</height>
						<font>font13</font>
                        <label>$ADDON[script.skinshortcuts 32028]</label>
                        <textcolor>grey2</textcolor>
						<focusedcolor>white</focusedcolor>
						<texturefocus>MenuItemFO.png</texturefocus>
						<texturenofocus>MenuItemNF.png</texturenofocus>
                    </control>
                </control>
                <control type="scrollbar" id="60">
					<left>1060</left>
					<top>60</top>
					<width>25</width>
					<height>530</height>
					<texturesliderbackground border="0,14,0,14">ScrollBarV.png</texturesliderbackground>
					<texturesliderbar border="0,14,0,14">ScrollBarV_bar.png</texturesliderbar>
					<texturesliderbarfocus border="0,14,0,14">ScrollBarV_bar_focus.png</texturesliderbarfocus>
					<textureslidernib>ScrollBarNib.png</textureslidernib>
					<textureslidernibfocus>ScrollBarNib.png</textureslidernibfocus>
					<onleft>90011</onleft>
					<onright>211</onright>
					<showonepage>false</showonepage>
					<orientation>vertical</orientation>
				</control>
            </control>
        </control>
		<control type="group">
			<depth>DepthFooter</depth>
			<include>CommonNowPlaying</include>
		</control>
		<include>MainWindowMouseButtons</include>
		<include content="CommonWindowHeader">
			<param name="Icon" value="icon_system" />
			<param name="Label" value="$LOCALIZE[5][COLOR=blue] - [/COLOR]$LOCALIZE[20077]$VAR[SkinShortcutsTitle]" />
		</include>
	</controls>
</window>