<?xml version="1.0" encoding="UTF-8"?>
<window>
	<defaultcontrol always="true">10</defaultcontrol>
    <include condition="!Skin.HasSetting(InitialSetUpRun)">DefaultInitialSetup</include>
	<onload condition="Skin.HasSetting(ActivateGlobalSearch) + System.HasAddon(script.globalsearch)">Skin.Setbool(ActivateGlobalSearch)</onload>
	<onload condition="Skin.HasSetting(ActivateWatchItLater) + System.HasAddon(script.simpleplaylists)">Skin.Setbool(ActivateWatchItLater)</onload>
	<controls>
		<control type="button" id="10">
			<description>trigger</description>
			<onfocus>ReplaceWindow($INFO[System.StartupWindow])</onfocus>
			<texturenofocus>-</texturenofocus>
			<texturefocus>-</texturefocus>
			<visible>!Skin.HasSetting(Use_Startup_Playlist)</visible>
		</control>
		<control type="button" id="10">
			<description>trigger with startup Playlist</description>
			<onfocus>PlayMedia($INFO[Skin.String(Startup_Playlist_Path)])</onfocus>
			<onfocus>ReplaceWindow($INFO[System.StartupWindow])</onfocus>
			<texturenofocus>-</texturenofocus>
			<texturefocus>-</texturefocus>
			<visible>Skin.HasSetting(Use_Startup_Playlist)</visible>
		</control>
		<include>CommonBackground</include>
	</controls>
</window>
