<?xml version="1.0" encoding="utf-8"?>
<window type="dialog" id="2114">
	<defaultcontrol always="true">450</defaultcontrol>
	<coordinates>
		<system>1</system>
		<left>0</left>
		<top>0</top>
	</coordinates>
	<onload>SetProperty(MenuItemType,MainMenu)</onload>
	<onunload>ClearProperty(MenuItemType)</onunload>
	<onunload>ClearProperty(UsrSelectPath,home)</onunload>
    <onunload>ClearProperty(UsrSelectBtnClear,home)</onunload>
	<controls>
        <include content="CustomSlideDialog">
            <param name="dlg_title" value="$LOCALIZE[89700] $LOCALIZE[89001]" />
            <param name="id_win" value="2114" />
            <param name="include_name" value="MenuItemChoices" />
        </include>
	</controls>
</window>