<?xml version="1.0" encoding="utf-8"?>
<window type="dialog" id="2124">
	<defaultcontrol always="true">450</defaultcontrol>
	<coordinates>
		<system>1</system>
		<left>0</left>
		<top>0</top>
	</coordinates>
	<controls>
        <include content="CustomRecommendedDialog">
            <param name="dlg_title" value="$LOCALIZE[89034]" />
            <param name="id_win" value="2124" />
            <param name="fallback_pic" value="DefaultTVShows.png" />
            <param name="list_pic" value="$INFO[Container(450).ListItem.Thumb]" />
            <param name="list_label" value="$INFO[ListItem.Label] - $INFO[ListItem.Label2]" />
            <param name="include_name" value="RecommendedEpisodesContent" />
        </include>
	</controls>
</window>