<?xml version="1.0" encoding="utf-8"?>
<window type="dialog" id="2117">
	<defaultcontrol always="true">450</defaultcontrol>
	<coordinates>
		<system>1</system>
		<left>0</left>
		<top>0</top>
	</coordinates>
    <onunload>ClearProperty(UsrSelectBtnClear,home)</onunload>
	<controls>
        <include content="CustomSlideDialog">
            <param name="dlg_title" value="$LOCALIZE[89700] $LOCALIZE[89003]" />
            <param name="id_win" value="2117" />
            <param name="include_name" value="AddonTypeChoices" />
        </include>
	</controls>
</window>