<window id="5533">
    <defaultcontrol always="true">1000</defaultcontrol>
    <allowoverlay>no</allowoverlay>
    <controls>
        <include>CommonCustomBackgroundSettings</include>
        <include>CommonBackground</include>
		<control type="image">
			<left>0</left>
			<top>100r</top>
			<width>1280</width>
			<height>100</height>
			<texture>floor.png</texture>
			<include>VisibleFadeEffect</include>
			<visible>!Skin.HasSetting(NoFloorAll)</visible>
		</control>
        <control type="group">
            <left>90</left>
            <top>30</top>
            <animation type="WindowOpen" reversible="false">
                <effect type="zoom" start="80" end="100" center="640,360" easing="out" tween="back" time="300" />
                <effect type="fade" start="0" end="100" time="300" />
            </animation>
            <animation type="WindowClose" reversible="false">
                <effect type="zoom" start="100" end="80" center="640,360" easing="in" tween="back" time="300" />
                <effect type="fade" start="100" end="0" time="300" />
            </animation>
            <control type="image">
                <left>5</left>
                <top>5</top>
                <width>1090</width>
                <height>630</height>
                <texture border="15">ContentPanel.png</texture>
            </control>
			<control type="image">
				<left>5</left>
				<top>625</top>
				<width>1090</width>
				<height>64</height>
				<texture border="15">ContentPanelMirror.png</texture>
				<visible>!Skin.HasSetting(NoFloorAll)</visible>
			</control>
            <control type="button">
                <description>Close Window button</description>
                <left>980</left>
                <top>11</top>
                <width>64</width>
                <height>32</height>
                <label>-</label>
                <font>-</font>
                <onclick>PreviousMenu</onclick>
                <texturefocus>DialogCloseButton-focus.png</texturefocus>
                <texturenofocus>DialogCloseButton.png</texturenofocus>
                <onleft>1</onleft>
                <onright>1</onright>
                <onup>1</onup>
                <ondown>1</ondown>
                <visible>system.getbool(input.enablemouse)</visible>
            </control>
            <control type="image">
                <description>LOGO</description>
                <left>30</left>
                <top>15</top>
                <width>220</width>
                <height>80</height>
                <aspectratio>keep</aspectratio>
                <texture>os/libreelec/Logo.png</texture>
            </control>
            <control type="scrollbar" id="1097">
                <description>scroll bar indicator for lists</description>
                <left>1062</left>
                <top>62</top>
                <width>24</width>
                <height>446</height>
                <onleft>1100</onleft>
                <onright>1500</onright>
                <texturesliderbackground border="0,14,0,14">ScrollBarV.png</texturesliderbackground>
                <texturesliderbar border="0,14,0,14">ScrollBarV_bar.png</texturesliderbar>
                <texturesliderbarfocus border="0,14,0,14">ScrollBarV_bar_focus.png</texturesliderbarfocus>
                <textureslidernib>ScrollBarNib.png</textureslidernib>
                <textureslidernibfocus>ScrollBarNib.png</textureslidernibfocus>
                <orientation>vertical</orientation>
                <showonepage>false</showonepage>
                <visible>String.IsEqual(Container(1000).ListItem.Property(listTyp), 1100)</visible>
            </control>
            <control type="scrollbar" id="1098">
                <description>scroll bar indicator for lists</description>
                <left>1062</left>
                <top>62</top>
                <width>24</width>
                <height>446</height>
                <onleft>1200</onleft>
                <onright>1500</onright>
                <texturesliderbackground border="0,14,0,14">ScrollBarV.png</texturesliderbackground>
                <texturesliderbar border="0,14,0,14">ScrollBarV_bar.png</texturesliderbar>
                <texturesliderbarfocus border="0,14,0,14">ScrollBarV_bar_focus.png</texturesliderbarfocus>
                <textureslidernib>ScrollBarNib.png</textureslidernib>
                <textureslidernibfocus>ScrollBarNib.png</textureslidernibfocus>
                <orientation>vertical</orientation>
                <showonepage>false</showonepage>
                <visible>String.IsEqual(Container(1000).ListItem.Property(listTyp), 1200)</visible>
            </control>
            <control type="scrollbar" id="1099">
                <description>scroll bar indicator for lists</description>
                <left>1062</left>
                <top>62</top>
                <width>24</width>
                <height>446</height>
                <onleft>1300</onleft>
                <onright>1500</onright>
                <texturesliderbackground border="0,14,0,14">ScrollBarV.png</texturesliderbackground>
                <texturesliderbar border="0,14,0,14">ScrollBarV_bar.png</texturesliderbar>
                <texturesliderbarfocus border="0,14,0,14">ScrollBarV_bar_focus.png</texturesliderbarfocus>
                <textureslidernib>ScrollBarNib.png</textureslidernib>
                <textureslidernibfocus>ScrollBarNib.png</textureslidernibfocus>
                <orientation>vertical</orientation>
                <showonepage>false</showonepage>
                <visible>String.IsEqual(Container(1000).ListItem.Property(listTyp), 1300)</visible>
            </control>
            <!-- Main Menu (left) -->
            <control type="list" id="1000">
                <left>10</left>
                <top>100</top>
                <width>260</width>
                <height>541</height>
                <onleft>1500</onleft>
                <pagecontrol>-</pagecontrol>
                <scrolltime>300</scrolltime>
                <itemlayout height="54" width="260">
                    <control type="image">
                        <left>0</left>
                        <top>0</top>
                        <width>260</width>
                        <height>55</height>
                        <texture border="5">MenuItemNF.png</texture>
                    </control>
                    <control type="label">
                        <left>10</left>
                        <top>0</top>
                        <width>240</width>
                        <height>55</height>
                        <font>font24_title</font>
                        <textcolor>FF505050</textcolor>
                        <align>right</align>
                        <aligny>center</aligny>
                        <label>$INFO[ListItem.Label]</label>
                    </control>
                </itemlayout>
                <focusedlayout height="54" width="260">
                    <control type="image">
                        <left>0</left>
                        <top>0</top>
                        <width>260</width>
                        <height>55</height>
                        <texture border="5">MenuItemFO.png</texture>
                        <animation effect="fade" end="50" time="10">Unfocus</animation>
                    </control>
                    <control type="label">
                        <left>10</left>
                        <top>0</top>
                        <width>240</width>
                        <height>55</height>
                        <font>font24_title</font>
                        <textcolor>white</textcolor>
                        <align>right</align>
                        <aligny>center</aligny>
                        <label>$INFO[ListItem.Label]</label>
                    </control>
                </focusedlayout>
            </control>
            <control type="image">
                <left>268</left>
                <top>10</top>
                <width>795</width>
                <height>618</height>
                <texture border="5">black-back2.png</texture>
            </control>
            <control type="image">
                <left>268</left>
                <top>10</top>
                <width>794</width>
                <height>50</height>
                <aspectratio>stretch</aspectratio>
                <texture>dialogheader.png</texture>
            </control>
            <control type="label">
                <description>header label</description>
                <left>300</left>
                <top>22</top>
                <width>740</width>
                <height>30</height>
                <font>font16</font>
                <label>$ADDON[service.libreelec.settings 600]</label>
                <align>center</align>
                <aligny>center</aligny>
                <textcolor>white</textcolor>
                <shadowcolor>black</shadowcolor>
            </control>
            <control type="image">
                <left>269</left>
                <top>510</top>
                <width>793</width>
                <height>2</height>
                <texture>separator2.png</texture>
            </control>
            <!-- Other Content (right)-->
            <control type="group">
                <left>272</left>
                <top>62</top>
                <width>796</width>
                <height>446</height>
                <control type="group" id="1900">
                    <left>0</left>
                    <top>0</top>
                    <width>796</width>
                    <height>446</height>
                    <visible>String.IsEqual(Container(1000).ListItem.Property(listTyp), 1900)</visible>
                    <control type="image">
                        <left>580</left>
                        <top>10</top>
                        <width>200</width>
                        <height>200</height>
                        <texture border="1">os/libreelec/logo_big.png</texture>
                    </control>	
                    <control type="label">
                        <left>20</left>
                        <top>20</top>
                        <width>400</width>
                        <height>16</height>
                        <font>font12</font>
                        <textcolor>blue</textcolor>
                        <align>left</align>
                        <aligny>center</aligny>
                        <label>$ADDON[service.libreelec.settings 606]</label>
                    </control>	
                    <control type="label">
                        <left>160</left>
                        <top>20</top>
                        <width>400</width>
                        <height>16</height>
                        <font>font12</font>
                        <textcolor>white</textcolor>
                        <align>left</align>
                        <aligny>center</aligny>
                        <label>$INFO[Window.Property(Distri)] ($INFO[Window.Property(build)])</label>
                    </control>
                    <control type="label">
                        <left>20</left>
                        <top>42</top>
                        <width>400</width>
                        <height>16</height>
                        <font>font12</font>
                        <textcolor>blue</textcolor>
                        <align>left</align>
                        <aligny>center</aligny>
                        <label>$ADDON[service.libreelec.settings 607]</label>
                    </control>	
                    <control type="label">
                        <left>160</left>
                        <top>42</top>
                        <width>400</width>
                        <height>16</height>
                        <font>font12</font>
                        <textcolor>white</textcolor>
                        <align>left</align>
                        <aligny>center</aligny>
                        <label>$INFO[Window.Property(Version)]</label>
                    </control>
                    <control type="label">
                        <left>20</left>
                        <top>64</top>
                        <width>400</width>
                        <height>16</height>
                        <font>font12</font>
                        <textcolor>blue</textcolor>
                        <align>left</align>
                        <aligny>center</aligny>
                        <label>$ADDON[service.libreelec.settings 608]</label>
                    </control>
                    <control type="label">
                        <left>160</left>
                        <top>64</top>
                        <width>400</width>
                        <height>16</height>
                        <font>font12</font>
                        <textcolor>white</textcolor>
                        <align>left</align>
                        <aligny>center</aligny>
                        <label>$INFO[Window.Property(Arch)]</label>
                    </control>	
                    <control type="textbox">
                        <left>20</left>
                        <top>117</top>
                        <width>550</width>
                        <height>100</height>
                        <font>font10</font>
                        <textcolor>white</textcolor>
                        <label>$ADDON[service.libreelec.settings 609]</label>
                    </control>
                    <control type="textbox">
                        <left>20</left>
                        <top>200</top>
                        <width>550</width>
                        <height>200</height>
                        <font>font10</font>
                        <textcolor>white</textcolor>
                        <label>$ADDON[service.libreelec.settings 610]</label>
                    </control>
                    <control type="image">
                        <left>20</left>
                        <top>100</top>
                        <width>535</width>
                        <height>2</height>
                        <texture>separator2.png</texture>
                    </control>
                    <control type="textbox">
                        <left>20</left>
                        <top>380</top>
                        <width>775</width>
                        <height>50</height>
                        <font>font10</font>
                        <textcolor>white</textcolor>
                        <align>left</align>
                        <label>$ADDON[service.libreelec.settings 611]</label>
                    </control>
                </control>
                <!-- simple list content -->
                <control type="list" id="1100">
                    <left>0</left>
                    <top>0</top>
                    <width>786</width>
                    <height>446</height>
                    <onleft>1000</onleft>
                    <onright>1097</onright>
                    <scrolltime>300</scrolltime>
                    <pagecontrol>1097</pagecontrol>
                    <visible>String.IsEqual(Container(1000).ListItem.Property(listTyp), 1100)</visible>    
                    <itemlayout height="35">
                        <control type="group">
                            <visible>!String.IsEqual(ListItem.Property(Typ), separator)</visible>
                            <control type="image">
                                <left>0</left>
                                <top>2</top>
                                <width>786</width>
                                <height>35</height>
                                <texture>MenuItemNF.png</texture>
                            </control>
                            <control type="label">
                                <left>40</left>
                                <top>7</top>
                                <width>500</width>
                                <height>20</height>
                                <textcolor>FF999999</textcolor>
                                <selectedcolor>white</selectedcolor>
                                <info>ListItem.Label</info>
                            </control>
                            <control type="label">
                                <align>right</align>
                                <left>363</left>
                                <top>7</top>
                                <width>400</width>
                                <height>20</height>
                                <textcolor>FF999999</textcolor>
                                <selectedcolor>white</selectedcolor>
                                <info>ListItem.Property(value)</info>
                                <visible>!String.IsEqual(ListItem.Property(Typ), bool) + !String.IsEqual(ListItem.Property(Typ), button)</visible>
                            </control>
                        </control>
                        <control type="group">
                            <visible>String.IsEqual(ListItem.Property(Typ), separator)</visible>
                            <control type="label">
                                <left>15</left>
                                <top>5</top>
                                <width>400</width>
                                <height>35</height>
                                <font>font13_title</font>
                                <textcolor>blue</textcolor>
                                <info>ListItem.Label</info>
                                <visible>true</visible>
                            </control>
                        </control>
                        <control type="group">
                            <visible>String.IsEqual(ListItem.Property(Typ), bool)</visible>
                            <control type="image">
                                <left>738</left>
                                <top>3</top>
                                <width>30</width>
                                <height>30</height>
                                <aspectratio>keep</aspectratio>
                                <texture border="5">radiobutton-nofocus.png</texture>
                                <visible>String.IsEqual(ListItem.Property(value), 0) | String.IsEqual(ListItem.Property(value), false) | String.IsEmpty(ListItem.Property(value))</visible>
                            </control>
                            <control type="image">
                                <left>738</left>
                                <top>3</top>
                                <width>30</width>
                                <height>30</height>
                                <aspectratio>keep</aspectratio>
                                <texture border="5">radiobutton-focus.png</texture>
                                <visible>String.IsEqual(ListItem.Property(value), 1) | String.IsEqual(ListItem.Property(value), true)</visible>
                            </control>
                        </control>
                        <control type="group">
                            <visible>String.IsEqual(ListItem.Property(Typ), button)</visible>
                            <control type="image">
                                <left>745</left>
                                <top>7</top>
                                <width>22</width>
                                <height>22</height>
                                <aspectratio>keep</aspectratio>
                                <texture border="5">os/libreelec/icons/do.png</texture>
                            </control>
                        </control>
                    </itemlayout>
                    <focusedlayout height="35">
                        <control type="group">
                            <visible>!String.IsEqual(ListItem.Property(Typ), separator)</visible>
                            <control type="image">
                                <left>0</left>
                                <top>2</top>
                                <width>786</width>
                                <height>38</height>
                                <visible>Control.HasFocus(1100)</visible>
                                <texture border="5">MenuItemFO.png</texture>
                            </control>
                            <control type="label">
                                <left>40</left>
                                <top>7</top>
                                <width>500</width>
                                <height>20</height>
                                <textcolor>white</textcolor>
                                <info>ListItem.Label</info>
                                <visible>Control.HasFocus(1100)</visible>
                            </control>
                            <control type="label">
                                <align>right</align>
                                <left>363</left>
                                <top>7</top>
                                <width>400</width>
                                <height>20</height>
                                <textcolor>white</textcolor>
                                <info>ListItem.Property(value)</info>
                                <visible>!String.IsEqual(ListItem.Property(Typ), bool) + !String.IsEqual(ListItem.Property(Typ), button) + Control.HasFocus(1100)</visible>
                            </control>
                            <control type="label">
                                <left>40</left>
                                <top>7</top>
                                <width>500</width>
                                <height>20</height>
                                <textcolor>FF999999</textcolor>
                                <info>ListItem.Label</info>
                                <visible>!Control.HasFocus(1100)</visible>
                            </control>
                            <control type="label">
                                <align>right</align>
                                <left>363</left>
                                <top>7</top>
                                <width>400</width>
                                <height>20</height>
                                <textcolor>FF999999</textcolor>
                                <info>ListItem.Property(value)</info>
                                <visible>!String.IsEqual(ListItem.Property(Typ), bool) + !String.IsEqual(ListItem.Property(Typ), button) + !Control.HasFocus(1100)</visible>
                            </control> 
                        </control>
                        <control type="group">
                            <visible>String.IsEqual(ListItem.Property(Typ), separator)</visible>
                            <control type="label">
                                <left>15</left>
                                <top>5</top>
                                <width>400</width>
                                <height>35</height>
                                <font>font13_title</font>
                                <textcolor>blue</textcolor>
                                <info>ListItem.Label</info>
                                <visible>true</visible>
                            </control>
                        </control>
                        <control type="group">
                            <visible>String.IsEqual(ListItem.Property(Typ), bool)</visible>
                            <control type="image">
                                <left>738</left>
                                <top>3</top>
                                <width>30</width>
                                <height>30</height>
                                <aspectratio>keep</aspectratio>
                                <texture border="5">radiobutton-nofocus.png</texture>
                                <visible>String.IsEqual(ListItem.Property(value), 0) | String.IsEqual(ListItem.Property(value),false) | String.IsEmpty(ListItem.Property(value))</visible>
                            </control>
                            <control type="image">
                                <left>738</left>
                                <top>3</top>
                                <width>30</width>
                                <height>30</height>
                                <aspectratio>keep</aspectratio>
                                <texture border="5">radiobutton-focus.png</texture>
                                <visible>String.IsEqual(ListItem.Property(value), 1) | String.IsEqual(ListItem.Property(value),true)</visible>
                            </control>
                        </control>
                        <control type="group">
                            <visible>String.IsEqual(ListItem.Property(Typ), button)</visible>
                            <control type="image">
                                <left>745</left>
                                <top>7</top>
                                <width>22</width>
                                <height>22</height>
                                <aspectratio>keep</aspectratio>
                                <texture border="5">os/libreelec/icons/do.png</texture>
                            </control>
                        </control>
                    </focusedlayout>
                </control>
                <!-- Network Menu Content -->
                <control type="list" id="1200">
                    <left>0</left>
                    <top>0</top>
                    <width>790</width>
                    <height>446</height>
                    <onleft>1000</onleft>
                    <onright>1098</onright>
                    <pagecontrol>1098</pagecontrol>
                    <scrolltime>300</scrolltime>
                    <visible>String.IsEqual(Container(1000).ListItem.Property(listTyp), 1200)</visible>    
                    <itemlayout height="100">
                        <left>0</left>
                        <top>0</top>
                        <control type="image">
                            <left>0</left>
                            <top>0</top>
                            <width>788</width>
                            <height>98</height>
                            <texture border="5">button-nofocus.png</texture>
                        </control>
                        <!-- Icon ethernet -->
                        <control type="image">
                            <left>10</left>
                            <top>20</top>
                            <width>48</width>
                            <height>48</height>
                            <aspectratio>keep</aspectratio>
                            <visible>String.IsEqual(ListItem.Property(netType), ethernet)</visible> 
                            <texture>os/libreelec/icons/eth.png</texture>
                        </control>
                        <!-- Icon wifi -->
                        <control type="image">
                            <left>10</left>
                            <top>20</top>
                            <width>48</width>
                            <height>48</height>
                            <aspectratio>keep</aspectratio>
                            <visible>String.IsEqual(ListItem.Property(netType), wifi)</visible> 
                            <texture>os/libreelec/icons/wlan.png</texture>
                        </control>
                        <!-- Connection Name -->
                        <control type="label">
                            <left>70</left>
                            <top>10</top>
                            <width>390</width>
                            <height>30</height>	
                            <font>font24_title</font>
                            <textcolor>blue</textcolor>
                            <info>ListItem.Label</info>
                            <visible>true</visible>
                        </control>
                        <!-- Interface -->
                        <control type="label">
                            <left>70</left>
                            <top>49</top>
                            <width>200</width>
                            <height>20</height>
                            <font>font12</font>
                            <textcolor>blue</textcolor>
                            <label>$ADDON[service.libreelec.settings 601]: [COLOR=white]$INFO[ListItem.Property(Interface)][/COLOR]</label>
                            <visible>!String.IsEmpty(ListItem.Property(Interface))</visible>
                        </control>
                        <!-- Connection Address -->
                        <control type="label">
                            <left>240</left>
                            <top>49</top>
                            <width>250</width>
                            <height>20</height>
                            <font>font12</font>
                            <textcolor>blue</textcolor>
                            <label>$ADDON[service.libreelec.settings 602]: [COLOR=white]$INFO[ListItem.Property(Address)][/COLOR]</label>
                            <visible>String.IsEqual(ListItem.Property(State), online) | String.IsEqual(ListItem.Property(State), ready)</visible>
                        </control>
                        <!-- Method -->
                        <control type="label">
                            <left>520</left>
                            <top>49</top>
                            <width>200</width>
                            <height>20</height>
                            <font>font12</font>
                            <textcolor>blue</textcolor>
                            <label>$ADDON[service.libreelec.settings 603]: [COLOR=white]$INFO[ListItem.Property(Method)][/COLOR]</label>
                        </control>
                        <!-- State -->
                        <control type="label">
                            <left>520</left>
                            <top>20</top>
                            <width>200</width>
                            <height>20</height>
                            <font>font12</font>
                            <textcolor>blue</textcolor>
                            <label>$ADDON[service.libreelec.settings 604]: [COLOR=white]$INFO[ListItem.Property(State)][/COLOR]</label>
                        </control>
                        <!-- Signal strength -->
                        <control type="progress">
                            <left>10</left>
                            <top>80</top>
                            <width>768</width>
                            <height>12</height>
                            <info>ListItem.Property(Strength)</info>
                            <visible>String.IsEqual(ListItem.Property(netType), wifi)</visible>
                        </control>
                        <!-- Signal strength value -->
                        <control type="label">
                            <left>770</left>
                            <top>66</top>
                            <width>40</width>
                            <height>40</height>
                            <font>font10</font>
                            <align>right</align>
                            <textcolor>white</textcolor>
                            <info>ListItem.Property(Strength)</info>
                            <visible>String.IsEqual(ListItem.Property(netType), wifi)</visible>
                        </control>
                        <!-- Online Symbol (top right) -->
                        <control type="image">
                            <left>738</left>
                            <top>20</top>
                            <width>36</width>
                            <height>36</height>
                            <aspectratio>keep</aspectratio>
                            <visible>String.IsEqual(ListItem.Property(State), online)</visible> 
                            <texture>os/libreelec/icons/connected.png</texture>
                        </control>
                        <!-- Favorite Symbol (bottom right) -->
                        <control type="image">
                            <left>680</left>
                            <top>50</top>
                            <width>20</width>
                            <height>20</height>
                            <aspectratio>keep</aspectratio>
                            <visible>String.IsEqual(ListItem.Property(Favorite), 1)</visible> 
                            <texture>os/libreelec/icons/Favorite.png</texture>
                        </control>
                        <!-- Secure Symbol (bottom right) -->
                        <control type="image">
                            <left>710</left>
                            <top>50</top>
                            <width>20</width>
                            <height>20</height>
                            <aspectratio>keep</aspectratio>
                            <visible>Integer.IsGreater(ListItem.Property(Security), 0)</visible> 
                            <texture>os/libreelec/icons/Key.png</texture>
                        </control>
                    </itemlayout>
                    <focusedlayout height="100">
                        <left>0</left>
                        <top>0</top>
                        <control type="image">
                            <left>0</left>
                            <top>0</top>
                            <width>788</width>
                            <height>98</height>
                            <texture border="5">button-nofocus.png</texture>
                        </control>
                        <control type="image">
                            <left>0</left>
                            <top>0</top>
                            <width>788</width>
                            <height>98</height>
                            <visible>Control.HasFocus(1200)</visible>
                            <texture border="5">button-focus2.png</texture>
                            <animation type="Visible" reversible="false">
                                <effect type="fade" start="0" end="100" time="300" />
                            </animation>
                        </control>
                        <!-- Icon ethernet -->
                        <control type="image">
                            <left>10</left>
                            <top>20</top>
                            <width>48</width>
                            <height>48</height>
                            <aspectratio>keep</aspectratio>
                            <visible>String.IsEqual(ListItem.Property(netType), ethernet)</visible> 
                            <texture>os/libreelec/icons/eth.png</texture>
                        </control>
                        <!-- Icon wifi -->
                        <control type="image">
                            <left>10</left>
                            <top>20</top>
                            <width>48</width>
                            <height>48</height>
                            <aspectratio>keep</aspectratio>
                            <visible>String.IsEqual(ListItem.Property(netType), wifi)</visible> 
                            <texture>os/libreelec/icons/wlan.png</texture>
                        </control>
                        <!-- Connection Name -->
                        <control type="label">
                            <left>70</left>
                            <top>10</top>
                            <width>390</width>
                            <height>30</height>
                            <font>font24_title</font>
                            <textcolor>blue</textcolor>
                            <info>ListItem.Label</info>
                            <visible>true</visible>
                        </control>
                        <!-- Interface -->
                        <control type="label">
                            <left>70</left>
                            <top>49</top>
                            <width>200</width>
                            <height>20</height>
                            <font>font12</font>
                            <textcolor>blue</textcolor>
                            <label>$ADDON[service.libreelec.settings 601]: [COLOR=white]$INFO[ListItem.Property(Interface)][/COLOR]</label>
                            <visible>!String.IsEmpty(ListItem.Property(Interface))</visible>
                        </control>
                        <!-- Connection Address -->
                        <control type="label">
                            <left>240</left>
                            <top>49</top>
                            <width>250</width>
                            <height>20</height>
                            <font>font12</font>
                            <textcolor>blue</textcolor>
                            <visible>String.IsEqual(ListItem.Property(State), online) | String.IsEqual(ListItem.Property(State), ready)</visible>
                            <label>$ADDON[service.libreelec.settings 602]: [COLOR=white]$INFO[ListItem.Property(Address)][/COLOR]</label>
                        </control>
                        <!-- Method -->
                        <control type="label">
                            <left>520</left>
                            <top>49</top>
                            <width>200</width>
                            <height>20</height>
                            <font>font12</font>
                            <textcolor>blue</textcolor>
                            <label>$ADDON[service.libreelec.settings 603]: [COLOR=white]$INFO[ListItem.Property(Method)][/COLOR]</label>
                        </control>
                        <!-- State -->
                        <control type="label">
                            <left>520</left>
                            <top>20</top>
                            <width>200</width>
                            <height>20</height>
                            <font>font12</font>
                            <textcolor>blue</textcolor>
                            <label>$ADDON[service.libreelec.settings 604]: [COLOR=white]$INFO[ListItem.Property(State)][/COLOR]</label>
                        </control>
                        <!-- Signal strength -->
                        <control type="progress">
                            <left>10</left>
                            <top>80</top>
                            <width>768</width>
                            <height>12</height>
                            <info>ListItem.Property(Strength)</info>
                            <visible>String.IsEqual(ListItem.Property(netType), wifi)</visible>
                        </control>
                        <!-- Signal strength value -->
                        <control type="label">
                            <left>770</left>
                            <top>66</top>
                            <width>40</width>
                            <height>40</height>
                            <font>font10</font>
                            <align>right</align>
                            <textcolor>white</textcolor>
                            <info>ListItem.Property(Strength)</info>
                            <visible>String.IsEqual(ListItem.Property(netType), wifi)</visible>
                        </control>
                        <!-- Online Symbol (top right) -->
                        <control type="image">
                            <left>738</left>
                            <top>20</top>
                            <width>36</width>
                            <height>36</height>
                            <aspectratio>keep</aspectratio>
                            <visible>String.IsEqual(ListItem.Property(State), online)</visible> 
                            <texture>os/libreelec/icons/connected.png</texture>
                        </control>
                        <!-- Favorite Symbol (bottom right) -->
                        <control type="image">
                            <left>680</left>
                            <top>50</top>
                            <width>20</width>
                            <height>20</height>
                            <aspectratio>keep</aspectratio>
                            <visible>String.IsEqual(ListItem.Property(Favorite), 1)</visible> 
                            <texture>os/libreelec/icons/Favorite.png</texture>
                        </control>
                        <!-- Secure Symbol (bottom right) -->
                        <control type="image">
                            <left>710</left>
                            <top>50</top>
                            <width>20</width>
                            <height>20</height>
                            <aspectratio>keep</aspectratio>
                            <visible>Integer.IsGreater(ListItem.Property(Security), 0)</visible> 
                            <texture>os/libreelec/icons/Key.png</texture>
                        </control>
                    </focusedlayout>
                </control>
                <!-- Bluetooth Menu Content -->
                <control type="label" id="1301">
                    <left>0</left>
                    <top>200</top>
                    <width>790</width>
                    <height>220</height>
                    <info>
                    </info>
                    <align>center</align>
                    <visible>String.IsEqual(Container(1000).ListItem.Property(listTyp), 1300) + String.IsEqual(Container(1300).NumItems, 0)</visible> 
                </control>
                <control type="list" id="1300">
                    <left>0</left>
                    <top>0</top>
                    <width>788</width>
                    <height>446</height>
                    <onleft>1000</onleft>
                    <onright>1099</onright>
                    <pagecontrol>1099</pagecontrol>
                    <scrolltime>300</scrolltime>
                    <visible>String.IsEqual(Container(1000).ListItem.Property(listTyp), 1300)</visible>
                    <itemlayout height="70">
                        <left>0</left>
                        <top>0</top>
                        <control type="image">
                            <left>0</left>
                            <top>0</top>
                            <width>786</width>
                            <height>68</height>
                            <texture border="5">button-nofocus.png</texture>
                        </control>
                        <!-- default -->
                        <control type="image">
                            <left>15</left>
                            <top>12</top>
                            <width>48</width>
                            <height>48</height>
                            <aspectratio>keep</aspectratio>
                            <visible>String.IsEqual(ListItem.Property(Icon), default)</visible> 
                            <texture>os/libreelec/icons/bt.png</texture>
                        </control>
                        <!-- modem -->
                        <control type="image">
                            <left>15</left>
                            <top>12</top>
                            <width>48</width>
                            <height>48</height>
                            <aspectratio>keep</aspectratio>
                            <visible>String.IsEqual(ListItem.Property(Icon), modem)</visible> 
                            <texture>os/libreelec/icons/bt-modem.png</texture>
                        </control>
                        <!-- audio -->
                        <control type="image">
                            <left>15</left>
                            <top>12</top>
                            <width>48</width>
                            <height>48</height>
                            <aspectratio>keep</aspectratio>
                            <visible>String.IsEqual(ListItem.Property(Icon), audio-card)</visible> 
                            <texture>os/libreelec/icons/bt-audio-card.png</texture>
                        </control>
                        <!-- Camera Photo -->
                        <control type="image">
                            <left>15</left>
                            <top>12</top>
                            <width>48</width>
                            <height>48</height>
                            <aspectratio>keep</aspectratio>
                            <visible>String.IsEqual(ListItem.Property(Icon), camera-photo)</visible> 
                            <texture>os/libreelec/icons/bt-camera-photo.png</texture>
                        </control>
                        <!-- Icon phone -->
                        <control type="image">
                            <left>15</left>
                            <top>12</top>
                            <width>48</width>
                            <height>48</height>
                            <aspectratio>keep</aspectratio>
                            <visible>String.IsEqual(ListItem.Property(Icon), phone)</visible> 
                            <texture>os/libreelec/icons/bt-phone.png</texture>
                        </control>
                        <!-- camera-video -->
                        <control type="image">
                            <left>15</left>
                            <top>12</top>
                            <width>48</width>
                            <height>48</height>
                            <aspectratio>keep</aspectratio>
                            <visible>String.IsEqual(ListItem.Property(Icon), camera-video)</visible> 
                            <texture>os/libreelec/icons/bt-camera-video.png</texture>
                        </control>
                        <!-- input-mouse -->
                        <control type="image">
                            <left>15</left>
                            <top>12</top>
                            <width>48</width>
                            <height>48</height>
                            <aspectratio>keep</aspectratio>
                            <visible>String.IsEqual(ListItem.Property(Icon), input-mouse)</visible> 
                            <texture>os/libreelec/icons/bt-input-mouse.png</texture>
                        </control>
                        <!-- input-gaming -->
                        <control type="image">
                            <left>15</left>
                            <top>12</top>
                            <width>48</width>
                            <height>48</height>
                            <aspectratio>keep</aspectratio>
                            <visible>String.IsEqual(ListItem.Property(Icon), input-gaming)</visible> 
                            <texture>os/libreelec/icons/bt-input-gaming.png</texture>
                        </control>
                        <!-- input-keyboard -->
                        <control type="image">
                            <left>15</left>
                            <top>12</top>
                            <width>48</width>
                            <height>48</height>
                            <aspectratio>keep</aspectratio>
                            <visible>String.IsEqual(ListItem.Property(Icon), input-keyboard)</visible> 
                            <texture>os/libreelec/icons/bt-input-keyboard.png</texture>
                        </control>	
                        <!-- input-tablet -->
                        <control type="image">
                            <left>15</left>
                            <top>12</top>
                            <width>48</width>
                            <height>48</height>
                            <aspectratio>keep</aspectratio>
                            <visible>String.IsEqual(ListItem.Property(Icon), input-tablet)</visible> 
                            <texture>os/libreelec/icons/bt-input-tablet.png</texture>
                        </control>	
                        <!-- Printer -->
                        <control type="image">
                            <left>15</left>
                            <top>12</top>
                            <width>48</width>
                            <height>48</height>
                            <aspectratio>keep</aspectratio>
                            <visible>String.IsEqual(ListItem.Property(Icon), printer)</visible> 
                            <texture>os/libreelec/icons/bt-printer.png</texture>
                        </control>
                        <!-- Computer -->
                        <control type="image">
                            <left>15</left>
                            <top>12</top>
                            <width>48</width>
                            <height>48</height>
                            <aspectratio>keep</aspectratio>
                            <visible>String.IsEqual(ListItem.Property(Icon), computer)</visible> 
                            <texture>os/libreelec/icons/bt-computer.png</texture>
                        </control>
                        <!-- Connection Name -->
                        <control type="label">
                            <left>120</left>
                            <top>10</top>
                            <width>390</width>
                            <height>30</height>
                            <font>font24_title</font>
                            <textcolor>blue</textcolor>
                            <info>ListItem.Label</info>
                            <visible>true</visible>
                        </control>
                        <!-- Connection Address -->
                        <control type="label">
                            <left>120</left>
                            <top>42</top>
                            <width>350</width>
                            <height>20</height>
                            <font>font12</font>
                            <textcolor>blue</textcolor>
                            <label>$ADDON[service.libreelec.settings 605]: [COLOR=white]$INFO[ListItem.Property(Address)][/COLOR]</label>
                        </control>
                        <!-- Connected State -->
                        <control type="label">
                            <left>520</left>
                            <top>42</top>
                            <width>350</width>
                            <height>20</height>
                            <font>font12</font>
                            <textcolor>blue</textcolor>
                            <label>$ADDON[service.libreelec.settings 32333][COLOR=white]$INFO[ListItem.Property(ConnectedState)][/COLOR]</label>
                        </control>
                        <!-- Paired Symbol (bottom right) -->
                        <control type="image">
                            <left>720</left>
                            <top>42</top>
                            <width>20</width>
                            <height>20</height>
                            <aspectratio>keep</aspectratio>
                            <visible>String.IsEqual(ListItem.Property(Paired), 1)</visible> 
                            <texture>os/libreelec/icons/Favorite.png</texture>
                        </control>
                        <!-- Trusted Symbol (bottom right) -->
                        <control type="image">
                            <left>750</left>
                            <top>42</top>
                            <width>20</width>
                            <height>20</height>
                            <aspectratio>keep</aspectratio>
                            <visible>Integer.IsGreater(ListItem.Property(Trusted), 0)</visible> 
                            <texture>os/libreelec/icons/Key.png</texture>
                        </control>
                    </itemlayout>
                    <focusedlayout height="70">
                        <left>0</left>
                        <top>0</top>
                        <control type="image">
                            <left>0</left>
                            <top>0</top>
                            <width>788</width>
                            <height>68</height>
                            <texture border="5">button-nofocus.png</texture>
                        </control>
                        <control type="image">
                            <left>0</left>
                            <top>0</top>
                            <width>788</width>
                            <height>68</height>
                            <visible>Control.HasFocus(1300)</visible>
                            <texture border="5">button-focus2.png</texture>
                            <animation type="Visible" reversible="false">
                                <effect type="fade" start="0" end="100" time="300" />
                            </animation>
                        </control>
                        <!-- default -->
                        <control type="image">
                            <left>15</left>
                            <top>12</top>
                            <width>48</width>
                            <height>48</height>
                            <aspectratio>keep</aspectratio>
                            <visible>String.IsEqual(ListItem.Property(Icon), default)</visible> 
                            <texture>os/libreelec/icons/bt.png</texture>
                        </control>
                        <!-- modem -->
                        <control type="image">
                            <left>15</left>
                            <top>12</top>
                            <width>48</width>
                            <height>48</height>
                            <aspectratio>keep</aspectratio>
                            <visible>String.IsEqual(ListItem.Property(Icon), modem)</visible> 
                            <texture>os/libreelec/icons/bt-modem.png</texture>
                        </control>
                        <!-- audio -->
                        <control type="image">
                            <left>15</left>
                            <top>12</top>
                            <width>48</width>
                            <height>48</height>
                            <aspectratio>keep</aspectratio>
                            <visible>String.IsEqual(ListItem.Property(Icon), audio-card)</visible> 
                            <texture>os/libreelec/icons/bt-audio-card.png</texture>
                        </control>
                        <!-- Camera Photo -->
                        <control type="image">
                            <left>15</left>
                            <top>12</top>
                            <width>48</width>
                            <height>48</height>
                            <aspectratio>keep</aspectratio>
                            <visible>String.IsEqual(ListItem.Property(Icon), camera-photo)</visible> 
                            <texture>os/libreelec/icons/bt-camera-photo.png</texture>
                        </control>
                        <!-- Icon phone -->
                        <control type="image">
                            <left>15</left>
                            <top>12</top>
                            <width>48</width>
                            <height>48</height>
                            <aspectratio>keep</aspectratio>
                            <visible>String.IsEqual(ListItem.Property(Icon), phone)</visible> 
                            <texture>os/libreelec/icons/bt-phone.png</texture>
                        </control>
                        <!-- camera-video -->
                        <control type="image">
                            <left>15</left>
                            <top>12</top>
                            <width>48</width>
                            <height>48</height>
                            <aspectratio>keep</aspectratio>
                            <visible>String.IsEqual(ListItem.Property(Icon), camera-video)</visible> 
                            <texture>os/libreelec/icons/bt-camera-video.png</texture>
                        </control>
                        <!-- input-mouse -->
                        <control type="image">
                            <left>15</left>
                            <top>12</top>
                            <width>48</width>
                            <height>48</height>
                            <aspectratio>keep</aspectratio>
                            <visible>String.IsEqual(ListItem.Property(Icon), input-mouse)</visible> 
                            <texture>os/libreelec/icons/bt-input-mouse.png</texture>
                        </control>
                        <!-- input-gaming -->
                        <control type="image">
                            <left>15</left>
                            <top>12</top>
                            <width>48</width>
                            <height>48</height>
                            <aspectratio>keep</aspectratio>
                            <visible>String.IsEqual(ListItem.Property(Icon), input-gaming)</visible> 
                            <texture>os/libreelec/icons/bt-input-gaming.png</texture>
                        </control>
                        <!-- input-keyboard -->
                        <control type="image">
                            <left>15</left>
                            <top>12</top>
                            <width>48</width>
                            <height>48</height>
                            <aspectratio>keep</aspectratio>
                            <visible>String.IsEqual(ListItem.Property(Icon), input-keyboard)</visible> 
                            <texture>os/libreelec/icons/bt-input-keyboard.png</texture>
                        </control>
                        <!-- input-tablet -->
                        <control type="image">
                            <left>15</left>
                            <top>12</top>
                            <width>48</width>
                            <height>48</height>
                            <aspectratio>keep</aspectratio>
                            <visible>String.IsEqual(ListItem.Property(Icon), input-tablet)</visible> 
                            <texture>os/libreelec/icons/bt-input-tablet.png</texture>
                        </control>
                        <!-- Printer -->
                        <control type="image">
                            <left>15</left>
                            <top>12</top>
                            <width>48</width>
                            <height>48</height>
                            <aspectratio>keep</aspectratio>
                            <visible>String.IsEqual(ListItem.Property(Icon), printer)</visible> 
                            <texture>os/libreelec/icons/bt-printer.png</texture>
                        </control>
                        <!-- Computer -->
                        <control type="image">
                            <left>15</left>
                            <top>12</top>
                            <width>48</width>
                            <height>48</height>
                            <aspectratio>keep</aspectratio>
                            <visible>String.IsEqual(ListItem.Property(Icon), computer)</visible> 
                            <texture>os/libreelec/icons/bt-computer.png</texture>
                        </control>
                        <!-- Connection Name -->
                        <control type="label">
                            <left>120</left>
                            <top>10</top>
                            <width>390</width>
                            <height>30</height>
                            <font>font24_title</font>
                            <textcolor>blue</textcolor>
                            <info>ListItem.Label</info>
                            <visible>true</visible>
                        </control>
                        <!-- Connection Address -->
                        <control type="label">
                            <left>120</left>
                            <top>42</top>
                            <width>350</width>
                            <height>20</height>
                            <font>font12</font>
                            <textcolor>blue</textcolor>
                            <label>$ADDON[service.libreelec.settings 605]: [COLOR=white]$INFO[ListItem.Property(Address)][/COLOR]</label>
                        </control>
                        <!-- Connected State -->
                        <control type="label">
                            <left>520</left>
                            <top>42</top>
                            <width>350</width>
                            <height>20</height>
                            <font>font12</font>
                            <textcolor>blue</textcolor>
                            <label>$ADDON[service.libreelec.settings 32333][COLOR=white]$INFO[ListItem.Property(ConnectedState)][/COLOR]</label>
                        </control>
                        <!-- Paired Symbol (bottom right) -->
                        <control type="image">
                            <left>720</left>
                            <top>42</top>
                            <width>20</width>
                            <height>20</height>
                            <aspectratio>keep</aspectratio>
                            <visible>String.IsEqual(ListItem.Property(Paired), 1)</visible> 
                            <texture>os/libreelec/icons/Favorite.png</texture>
                        </control>
                        <!-- Trusted Symbol (bottom right) -->
                        <control type="image">
                            <left>750</left>
                            <top>42</top>
                            <width>20</width>
                            <height>20</height>
                            <aspectratio>keep</aspectratio>
                            <visible>Integer.IsGreater(ListItem.Property(Trusted), 0)</visible> 
                            <texture>os/libreelec/icons/Key.png</texture>
                        </control>
                    </focusedlayout> 
                </control>
            </control>
            <control type="textbox" id="1400">
                <description>Appearance Description</description>
                <left>285</left>
                <top>520</top>
                <width>740</width>
                <height>100</height>
                <font>font12</font>
                <label>$INFO[Window.Property(InfoText)]</label>
                <align>left</align>
                <textcolor>white</textcolor>
                <shadowcolor>black</shadowcolor>
            </control>
            <control type="button" id="1504">
                <left>570</left>
                <top>520</top>
                <width>230</width>
                <height>40</height>
                <visible>true</visible>
                <colordiffuse>FFFFFFFF</colordiffuse>
                <texturefocus>button-focus.png</texturefocus>
                <texturenofocus>button-nofocus.png</texturenofocus>
                <label>
                </label>
                <font>font12</font>
                <textcolor>FFFFFFFF</textcolor>
                <disabledcolor>80FFFFFF</disabledcolor>
                <align>center</align>
                <onup>1000</onup>
                <ondown>1501</ondown>
                <onleft>1501</onleft>
                <onright>1503</onright>
                <visible>!String.IsEmpty(Control.GetLabel(1504))</visible>
            </control>
            <control type="button" id="1503">
                <left>825</left>
                <top>520</top>
                <width>230</width>
                <height>40</height>
                <visible>true</visible>
                <colordiffuse>FFFFFFFF</colordiffuse>
                <texturefocus>button-focus.png</texturefocus>
                <texturenofocus>button-nofocus.png</texturenofocus>
                <label>
                </label>
                <font>font12</font>
                <textcolor>FFFFFFFF</textcolor>
                <disabledcolor>80FFFFFF</disabledcolor>
                <align>center</align>
                <onup>1000</onup>
                <ondown>1502</ondown>
                <onleft>1504</onleft>
                <onright>1000</onright>
                <visible>!String.IsEmpty(Control.GetLabel(1503))</visible>
            </control>
            <control type="button" id="1502">
                <left>825</left>
                <top>575</top>
                <width>230</width>
                <height>40</height>
                <visible>true</visible>
                <colordiffuse>FFFFFFFF</colordiffuse>
                <texturefocus>button-focus.png</texturefocus>
                <texturenofocus>button-nofocus.png</texturenofocus>
                <label>
                </label>
                <font>font12</font>
                <textcolor>FFFFFFFF</textcolor>
                <disabledcolor>80FFFFFF</disabledcolor>
                <align>center</align>
                <onup>1503</onup>
                <ondown>1000</ondown>
                <onleft>1501</onleft>
                <onright>1000</onright>
                <visible>!String.IsEmpty(Control.GetLabel(1502))</visible>
            </control>
            <control type="button" id="1501">
                <left>570</left>
                <top>575</top>
                <width>230</width>
                <height>40</height>
                <visible>true</visible>
                <colordiffuse>FFFFFFFF</colordiffuse>
                <texturefocus>button-focus.png</texturefocus>
                <texturenofocus>button-nofocus.png</texturenofocus>
                <label>
                </label>
                <font>font12</font>
                <textcolor>FFFFFFFF</textcolor>
                <disabledcolor>80FFFFFF</disabledcolor>
                <align>center</align>
                <onup>1504</onup>
                <ondown>1000</ondown>
                <onleft>1500</onleft>
                <onright>1502</onright>
                <visible>!String.IsEmpty(Control.GetLabel(1501))</visible>
            </control>
            <control type="button" id="1500">
                <left>315</left>
                <top>575</top>
                <width>230</width>
                <height>40</height>
                <visible>true</visible>
                <colordiffuse>FFFFFFFF</colordiffuse>
                <texturefocus>button-focus.png</texturefocus>
                <texturenofocus>button-nofocus.png</texturenofocus>
                <label>
                </label>
                <font>font12</font>
                <textcolor>FFFFFFFF</textcolor>
                <disabledcolor>80FFFFFF</disabledcolor>
                <align>center</align>
                <onup>1000</onup>
                <ondown>1000</ondown>
                <onleft>1000</onleft>
                <onright>1501</onright>
                <visible>!String.IsEmpty(Control.GetLabel(1500))</visible>
            </control>
        </control>
		<control type="group">
			<depth>DepthFooter</depth>
		    <include>CommonNowPlaying</include>
		</control>
		<include>MainWindowMouseButtons</include>
		<include>BehindDialogFadeOut</include>
		<include content="CommonWindowHeader">
			<param name="Icon" value="icon_system" />
			<param name="Label" value="$LOCALIZE[5][COLOR=blue] - [/COLOR]$LOCALIZE[89041]" />
		</include>        
    </controls>
</window>
